chr15	dam_compressed.k31.hapmer_from_utig4-1154	utig4-1154+,utig4-2363+,utig4-2104-,utig4-2101-,utig4-2102+,utig4-2444+,utig4-2317-,utig4-2316+,utig4-2319+,utig4-2365+,utig4-2360-,utig4-2358+,utig4-2362+,utig4-2480-,utig4-2482+,utig4-2487+,utig4-2465-,utig4-2463+,utig4-2364-,utig4-2363+,utig4-2105-,utig4-2101-,utig4-2103+,utig4-2444+,utig4-2318-,utig4-2316+,utig4-2320+,utig4-2365+,utig4-2359-,utig4-2358+,utig4-2361+,utig4-2480-,utig4-2481+,utig4-2487+,utig4-2464-,utig4-2463+,utig4-2466+

chr29	dam_compressed.k31.hapmer_from_utig4-1164	utig4-0+,utig4-2196-,utig4-1846- 

chr25	sire_compressed.k31.hapmer_from_utig4-1698	utig4-476-,utig4-478+,utig4-477+

chr25	dam_compressed.k31.hapmer_from_utig4-1697	utig4-476-,utig4-478+,utig4-477+

chr20	dam_compressed.k31.hapmer_from_utig4-1729	utig4-855-,utig4-856+,utig4-1337-
chr20	--combine	dam_compressed.k31.hapmer_from_utig4-1729;dam_compressed.k31.hapmer_from_utig4-653;dam_compressed.k31.hapmer_from_utig4-652

chr11	dam_compressed.k31.hapmer_from_utig4-710	utig4-756-,utig4-757+,utig4-1452-,utig4-625-,utig4-622-,utig4-623+,utig4-2474-,utig4-2473-,utig4-708-,utig4-707+,utig4-710+

chr2	dam_compressed.k31.hapmer_from_utig4-903	utig4-2298+,utig4-2270-,utig4-2269+

chr2	sire_compressed.k31.hapmer_from_utig4-137	utig4-2269-,utig4-2271+,utig4-2298-:<utig4-42>utig4-23>utig4-46<utig4-2467>utig4-2469<utig4-784>utig4-783>utig4-788>utig4-2469<utig4-784>utig4-783>utig4-788>utig4-2469<utig4-784>utig4-783>utig4-788>utig4-2469<utig4-784>utig4-783>utig4-788>utig4-2469<utig4-784>utig4-783>utig4-788>utig4-2469<utig4-784>utig4-783>utig4-788>utig4-2469<utig4-784>utig4-783>utig4-788>utig4-2469<utig4-784>utig4-783>utig4-788>utig4-2469<utig4-784>utig4-783>utig4-788>utig4-2469<utig4-784>utig4-783>utig4-788>utig4-2469<utig4-784>utig4-783>utig4-788>utig4-2469<utig4-784>utig4-783>utig4-788>utig4-2469<utig4-784>utig4-783>utig4-788>utig4-2469<utig4-784>utig4-783>utig4-788>utig4-2469<utig4-784>utig4-783>utig4-788>utig4-2469<utig4-784>utig4-783>utig4-788>utig4-2469<utig4-784>utig4-783>utig4-788>utig4-2469<utig4-784>utig4-783>utig4-788>utig4-2469<utig4-784>utig4-783>utig4-788>utig4-2469<utig4-784>utig4-783>utig4-788>utig4-2469<utig4-784>utig4-783>utig4-788>utig4-2469<utig4-784>utig4-783>utig4-788>utig4-2469<utig4-784>utig4-783>utig4-788>utig4-2469<utig4-784>utig4-783>utig4-788>utig4-2469<utig4-784>utig4-783>utig4-788>utig4-2469<utig4-784>utig4-783>utig4-788>utig4-2469<utig4-784>utig4-783>utig4-788>utig4-2469<utig4-784>utig4-783>utig4-788>utig4-2469<utig4-784>utig4-783>utig4-788>utig4-2469<utig4-784>utig4-783>utig4-788>utig4-2469<utig4-784>utig4-783>utig4-788>utig4-2469<utig4-784>utig4-783>utig4-788>utig4-2469<utig4-784>utig4-783>utig4-788>utig4-2469<utig4-784>utig4-783>utig4-788>utig4-2469<utig4-784>utig4-783>utig4-788>utig4-2469<utig4-784>utig4-783>utig4-788>utig4-2469<utig4-784>utig4-783>utig4-788>utig4-2469<utig4-784>utig4-783>utig4-788>utig4-2469<utig4-784>utig4-783>utig4-788>utig4-2469<utig4-784>utig4-783>utig4-788>utig4-2469<utig4-784>utig4-783>utig4-788>utig4-2469<utig4-784>utig4-783>utig4-788>utig4-2469<utig4-784>utig4-783>utig4-788>utig4-2469<utig4-784>utig4-783>utig4-788>utig4-2469<utig4-784>utig4-783>utig4-788>utig4-2469<utig4-784>utig4-783>utig4-788>utig4-2469<utig4-784>utig4-783>utig4-788>utig4-2469<utig4-784>utig4-783>utig4-788>utig4-2469<utig4-784>utig4-783>utig4-788>utig4-2469<utig4-784>utig4-783>utig4-788>utig4-2469<utig4-784>utig4-783>utig4-788>utig4-2469<utig4-784>utig4-783>utig4-788>utig4-2469<utig4-784>utig4-783>utig4-788>utig4-2469<utig4-784>utig4-783>utig4-788>utig4-2469<utig4-784>utig4-783>utig4-788>utig4-2469<utig4-784>utig4-783>utig4-788>utig4-2469<utig4-784>utig4-783>utig4-788>utig4-2469<utig4-784>utig4-783>utig4-788>utig4-2469<utig4-784>utig4-783>utig4-788>utig4-2469<utig4-784>utig4-783>utig4-788>utig4-2469<utig4-784>utig4-783>utig4-788>utig4-2469<utig4-784>utig4-783>utig4-788>utig4-2469<utig4-784>utig4-783>utig4-788>utig4-2469<utig4-784>utig4-783>utig4-788>utig4-2469<utig4-784>utig4-783>utig4-788>utig4-2469<utig4-784>utig4-783>utig4-788>utig4-2469<utig4-784>utig4-783>utig4-788>utig4-2469<utig4-784>utig4-783>utig4-788>utig4-2469<utig4-784>utig4-783>utig4-788>utig4-2469<utig4-784>utig4-783>utig4-788>utig4-2469<utig4-784>utig4-783>utig4-788>utig4-2469<utig4-784>utig4-783>utig4-788>utig4-2469<utig4-784>utig4-783>utig4-788>utig4-2469<utig4-784>utig4-783>utig4-788>utig4-2469<utig4-784>utig4-783>utig4-788>utig4-2469<utig4-784>utig4-783>utig4-788>utig4-2469<utig4-784>utig4-783>utig4-788>utig4-2469<utig4-784>utig4-783>utig4-788>utig4-2469<utig4-784>utig4-783>utig4-788>utig4-2469<utig4-784>utig4-783>utig4-788>utig4-2469<utig4-784>utig4-783>utig4-788>utig4-2469<utig4-784>utig4-783>utig4-788>utig4-2469<utig4-784>utig4-783>utig4-788>utig4-2469<utig4-784>utig4-783>utig4-788>utig4-2469<utig4-784>utig4-783>utig4-788>utig4-2469<utig4-784>utig4-783>utig4-788>utig4-2469<utig4-784>utig4-783>utig4-788>utig4-2469<utig4-784>utig4-783>utig4-788>utig4-2469<utig4-784>utig4-783>utig4-788>utig4-2469<utig4-784>utig4-783>utig4-788>utig4-2469<utig4-784>utig4-783>utig4-788>utig4-2469<utig4-784>utig4-783>utig4-788>utig4-2469<utig4-784>utig4-783>utig4-788>utig4-2469<utig4-784>utig4-783>utig4-788>utig4-2469<utig4-784>utig4-783>utig4-788>utig4-2469<utig4-784>utig4-783>utig4-788>utig4-2469<utig4-784>utig4-783>utig4-788>utig4-2469<utig4-784>utig4-783>utig4-788>utig4-2469<utig4-784>utig4-783>utig4-788>utig4-2469<utig4-784>utig4-783>utig4-788>utig4-2469<utig4-784>utig4-783>utig4-788>utig4-2469<utig4-784>utig4-783>utig4-788>utig4-2469<utig4-784>utig4-783>utig4-788>utig4-2469<utig4-784>utig4-783>utig4-788>utig4-2469<utig4-784>utig4-783>utig4-788>utig4-2469<utig4-784>utig4-783>utig4-788>utig4-2469<utig4-784>utig4-783>utig4-788>utig4-2469<utig4-784>utig4-783>utig4-788>utig4-2469<utig4-784>utig4-783>utig4-788>utig4-2469<utig4-784>utig4-783>utig4-788>utig4-2469<utig4-784>utig4-783>utig4-788>utig4-2469<utig4-784>utig4-783>utig4-788>utig4-2469<utig4-784>utig4-783>utig4-788>utig4-2469<utig4-784>utig4-783>utig4-788>utig4-2469<utig4-784>utig4-783>utig4-788>utig4-2469<utig4-784>utig4-783>utig4-788>utig4-2469<utig4-784>utig4-783>utig4-788>utig4-2469<utig4-784>utig4-783>utig4-788>utig4-2469<utig4-784>utig4-783>utig4-788>utig4-2469<utig4-784>utig4-783>utig4-788>utig4-2469<utig4-784>utig4-783>utig4-788>utig4-2469<utig4-784>utig4-783>utig4-788>utig4-2469<utig4-784>utig4-783>utig4-788>utig4-2469<utig4-784>utig4-783>utig4-788>utig4-2469<utig4-784>utig4-783>utig4-788>utig4-2469<utig4-784>utig4-783>utig4-788>utig4-2469<utig4-784>utig4-783>utig4-788>utig4-2469<utig4-784>utig4-783>utig4-788>utig4-2469<utig4-784>utig4-783>utig4-788>utig4-2469<utig4-784>utig4-783>utig4-788>utig4-2469<utig4-784>utig4-783>utig4-788>utig4-2469<utig4-784>utig4-783>utig4-788>utig4-2469<utig4-784>utig4-783>utig4-788>utig4-2469<utig4-784>utig4-783>utig4-788>utig4-2469<utig4-784>utig4-783>utig4-788>utig4-2469<utig4-784>utig4-783>utig4-788>utig4-2469<utig4-784>utig4-783>utig4-788>utig4-2469<utig4-784>utig4-783>utig4-788>utig4-2469<utig4-784>utig4-783>utig4-788>utig4-2469<utig4-784>utig4-783>utig4-788>utig4-2469>utig4-2470>utig4-2495<utig4-1368<utig4-1364<utig4-240>utig4-241>utig4-244>utig4-567<utig4-395>utig4-513>utig4-514<utig4-398<utig4-393>utig4-399>utig4-516>utig4-1787

chrX	dam_compressed.k31.hapmer_from_utig4-936	utig4-2266-,utig4-2267+,utig4-2519+,utig4-598-,utig4-595-,utig4-596+,utig4-2239+,utig4-2240+,utig4-2266-,utig4-2268+,utig4-2519+,utig4-599-,utig4-595-,utig4-597+,utig4-2239+
chrX	dam_compressed.k31.hapmer_from_utig4-234	utig4-234-
chrX	--combine dam_compressed.k31.hapmer_from_utig4-936;dam_compressed.k31.hapmer_from_utig4-234

chr20	--replace	sire_compressed.k31.hapmer_from_utig4-1453	utig4-2413-,utig4-2412-,utig4-577-,utig4-573-,utig4-574+,utig4-1496+,utig4-1344-,utig4-1340-,utig4-1343+,utig4-1560-,utig4-1333-,utig4-1331-,utig4-1332+,utig4-2416-,utig4-2414-,utig4-2417+,utig4-1354-,utig4-1349-,utig4-1351+,utig4-1638+,utig4-629-,utig4-627+,utig4-1335-,utig4-666-,utig4-663+,utig4-667+,utig4-1447-,utig4-1444-,utig4-1445+,utig4-1449+,utig4-2415-,utig4-2414-,utig4-736-,utig4-731-,utig4-735+,utig4-2423-,utig4-2422-,utig4-2046-,utig4-1645-,utig4-2047+,utig4-1641-,utig4-1640+,utig4-1020-,utig4-1021+,utig4-2505-,utig4-1466-,utig4-1462-,utig4-1464+,utig4-2412-,utig4-1352-,utig4-1349-,utig4-1350+,utig4-1638+,utig4-1336-,utig4-1335-,utig4-665-,utig4-663+,utig4-669+,utig4-1331-,utig4-571-,utig4-570+,utig4-572+,utig4-1444-,utig4-1446+,utig4-1450+,utig4-2414-,utig4-737-,utig4-731-,utig4-732+,utig4-2422-,utig4-1644-,utig4-1642-,utig4-1640+,utig4-1020-,utig4-1022+,utig4-2505-,utig4-1465-,utig4-1462-,utig4-1463+,utig4-2412-,utig4-578-,utig4-573-,utig4-576+,utig4-1340-,utig4-1342+,utig4-1560-,utig4-1561+,utig4-740-,utig4-738-,utig4-731-,utig4-733+,utig4-2422-,utig4-2045-,utig4-1645-,utig4-2047+,utig4-1453-
chr20	sire_compressed.k31.hapmer_from_utig4-1730	utig4-640-,utig4-641+,utig4-2452+,utig4-2453+,utig4-1461-,utig4-1457-,utig4-1458+,utig4-2449-,utig4-1633-,utig4-1632+,utig4-487-,utig4-485+,utig4-676+,utig4-644-,utig4-640-,utig4-642+,utig4-2452+,utig4-2453+,utig4-1460-,utig4-1457-,utig4-1459+,utig4-2449-,utig4-1634-,utig4-1632+,utig4-486-,utig4-485+,utig4-676+,utig4-678+
chr20	--replace	sire_compressed.k31.hapmer_from_utig4-643	utig4-643-
chr20	--combine sire_compressed.k31.hapmer_from_utig4-1453;sire_compressed.k31.hapmer_from_utig4-643;sire_compressed.k31.hapmer_from_utig4-1730

chr27	--combine dam_compressed.k31.hapmer_from_utig4-549;dam_compressed.k31.hapmer_from_utig4-797

chr27	sire_compressed.k31.hapmer_from_utig4-548	utig4-607+, utig4-1258-, utig4-1259+, utig4-1505+, utig4-1504-, utig4-1261-, utig4-1258-, utig4-1260+, utig4-1505+, utig4-1506+, utig4-1976-, utig4-1977+, utig4-1976-, utig4-796-, utig4-795+, utig4-799+, utig4-1501+, utig4-548-, utig4-545-, utig4-546+, utig4-1685-, utig4-1687+, utig4-2221-, utig4-565-, utig4-563+, utig4-56-, utig4-55+, utig4-58+, utig4-1151-, utig4-1148-, utig4-1150+, utig4-1665+, utig4-1666+

--replace sire_compressed.k31.hapmer_from_utig4-548
removed sire_compressed.k31.hapmer_from_utig4-796 and sire_compressed.k31.hapmer_from_utig4-1506 from path.tsv

chr3	sire_compressed.k31.hapmer_from_utig4-1727	utig4-1727+,utig4-2332+,utig4-2334+,utig4-2336+,utig4-2484+,utig4-2279-,utig4-2275-,utig4-2277+,utig4-2355-,utig4-2357+,utig4-2462+,utig4-2312-,utig4-2310-,utig4-2260-,utig4-2258-,utig4-659-,utig4-658+,utig4-662+,utig4-2338+,utig4-2340+,utig4-2366-,utig4-2292-,utig4-2290+,utig4-2294+,utig4-2390+,utig4-2333-,utig4-2332+,utig4-2334+,utig4-2337+,utig4-2485-,utig4-2484+,utig4-2278-,utig4-2275-,utig4-2276+,utig4-2355-,utig4-2356+,utig4-2462+,utig4-2311-,utig4-2310-,utig4-2259-,utig4-2258-,utig4-660-,utig4-658+,utig4-661+,utig4-2338+,utig4-2339+,utig4-2366-

chr6	sire_compressed.k31.hapmer_from_utig4-1954	utig4-1315-,utig4-1312-,utig4-1314+,utig4-1334+,utig4-1320-,utig4-1317-,utig4-1316-,utig4-1312-,utig4-1313+,utig4-1334+,utig4-1319-,utig4-1317-,utig4-1318+,utig4-1330+,utig4-1311-,utig4-1310+,utig4-649-,utig4-648+,utig4-897-,utig4-899+,utig4-1310+,utig4-650-,utig4-648+,utig4-897-,utig4-899+,utig4-1310+,utig4-650-,utig4-648+

chr6	--combine	sire_compressed.k31.hapmer_from_utig4-1954;sire_compressed.k31.hapmer_from_utig4-901 

chr21	sire_compressed.k31.hapmer_from_utig4-1972	utig4-2380+,utig4-2243-,utig4-2241+,utig4-2244+,utig4-2287-,utig4-2289+,utig4-2313-,utig4-2315+,utig4-2384+,utig4-2385+,utig4-2461+,utig4-2441-,utig4-2440+,utig4-2344-,utig4-2341-,utig4-2342+,utig4-2398-,utig4-2397-,utig4-2393-,utig4-2394+,utig4-2405+,utig4-2349-,utig4-2348+,utig4-2352+,utig4-2387-,utig4-2388+,utig4-2459-,utig4-2409-,utig4-2408-,utig4-2382-,utig4-2380+,utig4-2242-,utig4-2241+,utig4-2245+,utig4-2287-,utig4-2288+,utig4-2313-,utig4-2314+,utig4-2384+,utig4-2386+,utig4-2461+,utig4-2442-,utig4-2440+,utig4-2345-,utig4-2341-,utig4-2343+,utig4-2398-,utig4-2396-,utig4-2393-,utig4-2395+,utig4-2405+,utig4-2350-,utig4-2348+,utig4-2351+,utig4-2387-,utig4-2389+,utig4-2459-,utig4-2410-,utig4-2408-,utig4-2107-

chr28	sire_compressed.k31.hapmer_from_utig4-2061	utig4-2061+,utig4-345-,utig4-341-,utig4-343+,utig4-378-,utig4-379+,utig4-1415+,utig4-1419+,utig4-1421+,utig4-1624+,utig4-1418-,utig4-1415+

chr4	--replace	sire_compressed.k31.hapmer_from_utig4-1931	utig4-1960+,utig4-1957-,utig4-1958+,utig4-2025-,utig4-1908-,utig4-1904-,utig4-1906+,utig4-1929+,utig4-1931+,utig4-2261+,utig4-1802-,utig4-1801+,utig4-1670-,utig4-1668+,utig4-1001-,utig4-999+,utig4-1003+,utig4-2121-,utig4-828-,utig4-824-,utig4-825+,utig4-2113-,utig4-1435-,utig4-1431-,utig4-1433+,utig4-2499-,utig4-2191-,utig4-2189+,utig4-684-,utig4-683+,utig4-687+,utig4-2038+,utig4-2034-,utig4-2033-,utig4-1122-,utig4-1119-,utig4-1121+,utig4-1139+,utig4-951-,utig4-948-,utig4-950+,utig4-1962+,utig4-1964+,utig4-2154-,utig4-2155+

chr9	--replace	dam_compressed.k31.hapmer_from_utig4-1306	utig4-1306-
chr9	--combine	dam_compressed.k31.hapmer_from_utig4-2111;dam_compressed.k31.hapmer_from_utig4-1306 
chr9	--combine	sire_compressed.k31.hapmer_from_utig4-2112;dam_compressed.k31.hapmer_from_utig4-1306

chr26	--replace	dam_compressed.k31.hapmer_from_utig4-811	utig4-811-
chr26 	--replace	dam_compressed.k31.hapmer_from_utig4-812	utig4-812-
chr26	--combine	dam_compressed.k31.hapmer_from_utig4-2377; dam_compressed.k31.hapmer_from_utig4-812;dam_compressed.k31.hapmer_from_utig4-811

chr6	dam_compressed.k31.hapmer_from_utig4-1953	utig4-1348-,utig4-2114+,utig4-805-,utig4-803+,utig4-809+,utig4-682-,utig4-166-,utig4-145-,utig4-167+,utig4-688+,utig4-2491+,utig4-680-,utig4-165-,utig4-145-,utig4-143+,utig4-2116-,utig4-1348-,utig4-2114+,utig4-2117+,utig4-671-,utig4-670+

chr6	--replace	dam_compressed.k31.hapmer_from_utig4-1346	utig4-1346-
chr6	--combine	dam_compressed.k31.hapmer_from_utig4-1953;dam_compressed.k31.hapmer_from_utig4-1346

chr?	sire_compressed.k31.hapmer_from_utig4-2392	utig4-2392+, utig4-2445-, utig4-815-, utig4-814+, utig4-817+, utig4-2445-, utig4-816-, utig4-814+, utig4-818+

chr19	dam_compressed.k31.hapmer_from_utig4-867	utig1-5817+, utig1-17221+, utig1-2616-, utig1-2613-, utig1-2615+, utig1-2613-, utig1-2614+, utig1-6559+, utig1-16732+, utig1-5893-

chr24	sire_compressed.k31.hapmer_from_utig4-2211	utig4-2212-,utig4-2213+,utig4-846-

chr24	--combine	na_unused_utig4-1610;sire_compressed.k31.hapmer_from_utig4-2211
chr24	--combine	na_unused_utig4-1609;dam_compressed.k31.hapmer_from_utig4-2210
