old_names(semicolon_separated)	new_path(patch)	new_name	new_assignment
dam_compressed.k31.hapmer_from_utig4-1154	<utig4-1325<utig4-1321>utig4-1323>utig4-2475<utig4-1142>utig4-1140<utig4-21<utig4-17>utig4-19>utig4-2042>utig4-2044<utig4-2238<utig4-2234<utig4-2231>utig4-2233>utig4-2325<utig4-2137>utig4-2135>utig4-2138<utig4-2227<utig4-1895>utig4-1893>utig4-1896<utig4-1987<utig4-1156<utig4-1153>utig4-1154>utig4-2363<utig4-2104<utig4-2101>utig4-2102>utig4-2444<utig4-2317>utig4-2316>utig4-2319>utig4-2365<utig4-2360>utig4-2358>utig4-2362<utig4-2480>utig4-2482>utig4-2487<utig4-2465>utig4-2463<utig4-2364>utig4-2363<utig4-2105<utig4-2101>utig4-2103>utig4-2444<utig4-2318>utig4-2316>utig4-2320>utig4-2365<utig4-2359>utig4-2358>utig4-2361<utig4-2480>utig4-2481>utig4-2487<utig4-2464>utig4-2463>utig4-2466	dam_compressed.k31.hapmer_from_utig4-1154	DAM_COMPRESSED.K31.HAPMER
dam_compressed.k31.hapmer_from_utig4-1164	>utig4-0<utig4-2196<utig4-1846<utig4-1843>utig4-1844<utig4-2088<utig4-2030<utig4-2029<utig4-1167<utig4-1163>utig4-1164	dam_compressed.k31.hapmer_from_utig4-1164	DAM_COMPRESSED.K31.HAPMER
sire_compressed.k31.hapmer_from_utig4-1698	>utig4-1248<utig4-476>utig4-478>utig4-477<utig4-1693<utig4-1691<utig4-1133<utig4-1129>utig4-1130>utig4-2063>utig4-2064>utig4-2142<utig4-1696>utig4-1694>utig4-1698<utig4-2372>utig4-2370<utig4-1722>utig4-1721>utig4-1724>utig4-2032<utig4-506>utig4-504>utig4-508<utig4-1538>utig4-1539>utig4-1820<utig4-72>utig4-71>utig4-74>utig4-2448<utig4-2225<utig4-2222>utig4-2224	sire_compressed.k31.hapmer_from_utig4-1698	SIRE_COMPRESSED.K31.HAPMER
dam_compressed.k31.hapmer_from_utig4-1697	>utig4-1248<utig4-476>utig4-478>utig4-477<utig4-1692<utig4-1691<utig4-1132<utig4-1129>utig4-1131>utig4-2063>utig4-2065>utig4-2142<utig4-1695>utig4-1694>utig4-1697<utig4-2371>utig4-2370<utig4-1723>utig4-1721>utig4-1725>utig4-2032<utig4-505>utig4-504>utig4-507<utig4-1538>utig4-1540>utig4-1820<utig4-73>utig4-71>utig4-75>utig4-2448<utig4-2226<utig4-2222>utig4-2223	dam_compressed.k31.hapmer_from_utig4-1697	DAM_COMPRESSED.K31.HAPMER
dam_compressed.k31.hapmer_from_utig4-1814	<utig1-67<utig1-63>utig1-65<utig1-16997<utig1-5822>utig1-846<utig1-844>utig1-845<utig1-5345>utig1-5347>utig1-16728>utig1-16806	dam_compressed.k31.hapmer_from_utig4-1814	DAM_COMPRESSED.K31.HAPMER
dam_compressed.k31.hapmer_from_utig4-710	<utig4-759<utig4-756>utig4-757<utig4-1452<utig4-625<utig4-622>utig4-623<utig4-2474<utig4-2473<utig4-708>utig4-707>utig4-710<utig4-1657<utig4-200>utig4-199>utig4-202>utig4-2383<utig4-1027>utig4-1025>utig4-1028>utig4-1877<utig4-837>utig4-835>utig4-838>utig4-987<utig4-967>utig4-966<utig4-705<utig4-700>utig4-702>utig4-706<utig4-940>utig4-942<utig4-2251<utig4-2158<utig4-2157<utig4-1564>utig4-1562>utig4-1565>utig4-2476<utig4-2120<utig4-2118<utig4-1225<utig4-1222>utig4-1224>utig4-2406<utig4-983>utig4-982>utig4-985>utig4-1118<utig4-910<utig4-907>utig4-908<utig4-2263>utig4-2264>utig4-2301<utig4-2323<utig4-2321<utig4-1732>utig4-1731>utig4-1735>utig4-1853>utig4-1854<utig4-2174<utig4-1584<utig4-1571	dam_compressed.k31.hapmer_from_utig4-710	DAM_COMPRESSED.K31.HAPMER
dam_compressed.k31.hapmer_from_utig4-903	>utig4-2521<utig4-1516<utig4-1031>utig4-1030>utig4-1032<utig4-1940<utig4-906<utig4-902>utig4-903>utig4-1739<utig4-4<utig4-1>utig4-2<utig4-2186>utig4-2188<utig4-2458<utig4-1660>utig4-1659>utig4-1663>utig4-2298<utig4-2270>utig4-2269>utig4-2273>utig4-2454>utig4-2456>utig4-2488<utig4-2369>utig4-2367<utig4-1825<utig4-1822>utig4-1824>utig4-1932>utig4-1934>utig4-2127>utig4-2128	dam_compressed.k31.hapmer_from_utig4-903	DAM_COMPRESSED.K31.HAPMER
sire_compressed.k31.hapmer_from_utig4-137	>utig4-137<utig4-2127<utig4-1933<utig4-1932<utig4-1823>utig4-1822>utig4-1826<utig4-2367>utig4-2368<utig4-2488<utig4-2455<utig4-2454<utig4-2272<utig4-2269>utig4-2271<utig4-2298<utig4-1662<utig4-1659>utig4-1661>utig4-2458<utig4-2187>utig4-2186<utig4-3>utig4-1>utig4-5<utig4-1739<utig4-904>utig4-902>utig4-905>utig4-1940<utig4-1033<utig4-1030<utig4-42>utig4-23>utig4-46<utig4-2467>utig4-2469<utig4-784>utig4-783>utig4-788>utig4-2469<utig4-784>utig4-783>utig4-788>utig4-2469<utig4-784>utig4-783>utig4-788>utig4-2469<utig4-784>utig4-783>utig4-788>utig4-2469<utig4-784>utig4-783>utig4-788>utig4-2469<utig4-784>utig4-783>utig4-788>utig4-2469<utig4-784>utig4-783>utig4-788>utig4-2469<utig4-784>utig4-783>utig4-788>utig4-2469<utig4-784>utig4-783>utig4-788>utig4-2469<utig4-784>utig4-783>utig4-788>utig4-2469<utig4-784>utig4-783>utig4-788>utig4-2469<utig4-784>utig4-783>utig4-788>utig4-2469<utig4-784>utig4-783>utig4-788>utig4-2469<utig4-784>utig4-783>utig4-788>utig4-2469<utig4-784>utig4-783>utig4-788>utig4-2469<utig4-784>utig4-783>utig4-788>utig4-2469<utig4-784>utig4-783>utig4-788>utig4-2469<utig4-784>utig4-783>utig4-788>utig4-2469<utig4-784>utig4-783>utig4-788>utig4-2469<utig4-784>utig4-783>utig4-788>utig4-2469<utig4-784>utig4-783>utig4-788>utig4-2469<utig4-784>utig4-783>utig4-788>utig4-2469<utig4-784>utig4-783>utig4-788>utig4-2469<utig4-784>utig4-783>utig4-788>utig4-2469<utig4-784>utig4-783>utig4-788>utig4-2469<utig4-784>utig4-783>utig4-788>utig4-2469<utig4-784>utig4-783>utig4-788>utig4-2469<utig4-784>utig4-783>utig4-788>utig4-2469<utig4-784>utig4-783>utig4-788>utig4-2469<utig4-784>utig4-783>utig4-788>utig4-2469<utig4-784>utig4-783>utig4-788>utig4-2469<utig4-784>utig4-783>utig4-788>utig4-2469<utig4-784>utig4-783>utig4-788>utig4-2469<utig4-784>utig4-783>utig4-788>utig4-2469<utig4-784>utig4-783>utig4-788>utig4-2469<utig4-784>utig4-783>utig4-788>utig4-2469<utig4-784>utig4-783>utig4-788>utig4-2469<utig4-784>utig4-783>utig4-788>utig4-2469<utig4-784>utig4-783>utig4-788>utig4-2469<utig4-784>utig4-783>utig4-788>utig4-2469<utig4-784>utig4-783>utig4-788>utig4-2469<utig4-784>utig4-783>utig4-788>utig4-2469<utig4-784>utig4-783>utig4-788>utig4-2469<utig4-784>utig4-783>utig4-788>utig4-2469<utig4-784>utig4-783>utig4-788>utig4-2469<utig4-784>utig4-783>utig4-788>utig4-2469<utig4-784>utig4-783>utig4-788>utig4-2469<utig4-784>utig4-783>utig4-788>utig4-2469<utig4-784>utig4-783>utig4-788>utig4-2469<utig4-784>utig4-783>utig4-788>utig4-2469<utig4-784>utig4-783>utig4-788>utig4-2469<utig4-784>utig4-783>utig4-788>utig4-2469<utig4-784>utig4-783>utig4-788>utig4-2469<utig4-784>utig4-783>utig4-788>utig4-2469<utig4-784>utig4-783>utig4-788>utig4-2469<utig4-784>utig4-783>utig4-788>utig4-2469<utig4-784>utig4-783>utig4-788>utig4-2469<utig4-784>utig4-783>utig4-788>utig4-2469<utig4-784>utig4-783>utig4-788>utig4-2469<utig4-784>utig4-783>utig4-788>utig4-2469<utig4-784>utig4-783>utig4-788>utig4-2469<utig4-784>utig4-783>utig4-788>utig4-2469<utig4-784>utig4-783>utig4-788>utig4-2469<utig4-784>utig4-783>utig4-788>utig4-2469<utig4-784>utig4-783>utig4-788>utig4-2469<utig4-784>utig4-783>utig4-788>utig4-2469<utig4-784>utig4-783>utig4-788>utig4-2469<utig4-784>utig4-783>utig4-788>utig4-2469<utig4-784>utig4-783>utig4-788>utig4-2469<utig4-784>utig4-783>utig4-788>utig4-2469<utig4-784>utig4-783>utig4-788>utig4-2469<utig4-784>utig4-783>utig4-788>utig4-2469<utig4-784>utig4-783>utig4-788>utig4-2469<utig4-784>utig4-783>utig4-788>utig4-2469<utig4-784>utig4-783>utig4-788>utig4-2469<utig4-784>utig4-783>utig4-788>utig4-2469<utig4-784>utig4-783>utig4-788>utig4-2469<utig4-784>utig4-783>utig4-788>utig4-2469<utig4-784>utig4-783>utig4-788>utig4-2469<utig4-784>utig4-783>utig4-788>utig4-2469<utig4-784>utig4-783>utig4-788>utig4-2469<utig4-784>utig4-783>utig4-788>utig4-2469<utig4-784>utig4-783>utig4-788>utig4-2469<utig4-784>utig4-783>utig4-788>utig4-2469<utig4-784>utig4-783>utig4-788>utig4-2469<utig4-784>utig4-783>utig4-788>utig4-2469<utig4-784>utig4-783>utig4-788>utig4-2469<utig4-784>utig4-783>utig4-788>utig4-2469<utig4-784>utig4-783>utig4-788>utig4-2469<utig4-784>utig4-783>utig4-788>utig4-2469<utig4-784>utig4-783>utig4-788>utig4-2469<utig4-784>utig4-783>utig4-788>utig4-2469<utig4-784>utig4-783>utig4-788>utig4-2469<utig4-784>utig4-783>utig4-788>utig4-2469<utig4-784>utig4-783>utig4-788>utig4-2469<utig4-784>utig4-783>utig4-788>utig4-2469<utig4-784>utig4-783>utig4-788>utig4-2469<utig4-784>utig4-783>utig4-788>utig4-2469<utig4-784>utig4-783>utig4-788>utig4-2469<utig4-784>utig4-783>utig4-788>utig4-2469<utig4-784>utig4-783>utig4-788>utig4-2469<utig4-784>utig4-783>utig4-788>utig4-2469<utig4-784>utig4-783>utig4-788>utig4-2469<utig4-784>utig4-783>utig4-788>utig4-2469<utig4-784>utig4-783>utig4-788>utig4-2469<utig4-784>utig4-783>utig4-788>utig4-2469<utig4-784>utig4-783>utig4-788>utig4-2469<utig4-784>utig4-783>utig4-788>utig4-2469<utig4-784>utig4-783>utig4-788>utig4-2469<utig4-784>utig4-783>utig4-788>utig4-2469<utig4-784>utig4-783>utig4-788>utig4-2469<utig4-784>utig4-783>utig4-788>utig4-2469<utig4-784>utig4-783>utig4-788>utig4-2469<utig4-784>utig4-783>utig4-788>utig4-2469<utig4-784>utig4-783>utig4-788>utig4-2469<utig4-784>utig4-783>utig4-788>utig4-2469<utig4-784>utig4-783>utig4-788>utig4-2469<utig4-784>utig4-783>utig4-788>utig4-2469<utig4-784>utig4-783>utig4-788>utig4-2469<utig4-784>utig4-783>utig4-788>utig4-2469<utig4-784>utig4-783>utig4-788>utig4-2469<utig4-784>utig4-783>utig4-788>utig4-2469<utig4-784>utig4-783>utig4-788>utig4-2469<utig4-784>utig4-783>utig4-788>utig4-2469<utig4-784>utig4-783>utig4-788>utig4-2469<utig4-784>utig4-783>utig4-788>utig4-2469<utig4-784>utig4-783>utig4-788>utig4-2469<utig4-784>utig4-783>utig4-788>utig4-2469<utig4-784>utig4-783>utig4-788>utig4-2469<utig4-784>utig4-783>utig4-788>utig4-2469<utig4-784>utig4-783>utig4-788>utig4-2469<utig4-784>utig4-783>utig4-788>utig4-2469<utig4-784>utig4-783>utig4-788>utig4-2469<utig4-784>utig4-783>utig4-788>utig4-2469<utig4-784>utig4-783>utig4-788>utig4-2469<utig4-784>utig4-783>utig4-788>utig4-2469<utig4-784>utig4-783>utig4-788>utig4-2469<utig4-784>utig4-783>utig4-788>utig4-2469<utig4-784>utig4-783>utig4-788>utig4-2469<utig4-784>utig4-783>utig4-788>utig4-2469>utig4-2470>utig4-2495<utig4-1368<utig4-1364<utig4-240>utig4-241>utig4-244>utig4-567<utig4-395>utig4-513>utig4-514<utig4-398<utig4-393>utig4-399>utig4-516>utig4-1787	sire_compressed.k31.hapmer_from_utig4-137	SIRE_COMPRESSED.K31.HAPMER
dam_compressed.k31.hapmer_from_utig4-936	<utig4-939<utig4-935>utig4-936<utig4-2266>utig4-2267>utig4-2519<utig4-598<utig4-595>utig4-596>utig4-2239>utig4-2240<utig4-2266>utig4-2268>utig4-2519<utig4-599<utig4-595>utig4-597>utig4-2239	dam_compressed.k31.hapmer_from_utig4-936	DAM_COMPRESSED.K31.HAPMER
dam_compressed.k31.hapmer_from_utig4-234	<utig4-234	dam_compressed.k31.hapmer_from_utig4-234	DAM_COMPRESSED.K31.HAPMER
sire_compressed.k31.hapmer_from_utig4-548	>utig4-607<utig4-1258>utig4-1259>utig4-1505<utig4-1504<utig4-1261<utig4-1258>utig4-1260>utig4-1505>utig4-1506<utig4-1976>utig4-1977<utig4-1976<utig4-796>utig4-795>utig4-799>utig4-1501<utig4-548<utig4-545>utig4-546<utig4-1685>utig4-1687<utig4-2221<utig4-565>utig4-563<utig4-56>utig4-55>utig4-58<utig4-1151<utig4-1148>utig4-1150>utig4-1665>utig4-1666	sire_compressed.k31.hapmer_from_utig4-548	SIRE_COMPRESSED.K31.HAPMER
sire_compressed.k31.hapmer_from_utig4-1727	>utig4-1382<utig4-975<utig4-974<utig4-913>utig4-912>utig4-915>utig4-1649>utig4-1650>utig4-2424<utig4-2015<utig4-2012>utig4-2014<utig4-2181<utig4-2083<utig4-2080>utig4-2081>utig4-2193<utig4-1704>utig4-1702>utig4-1706<utig4-2354<utig4-1116<utig4-1115<utig4-833<utig4-829>utig4-830>utig4-2483<utig4-1237<utig4-1236<utig4-1070<utig4-1066>utig4-1067<utig4-2286<utig4-616<utig4-612>utig4-614<utig4-1715>utig4-1717<utig4-1726>utig4-1727>utig4-2332>utig4-2334>utig4-2336>utig4-2484<utig4-2279<utig4-2275>utig4-2277<utig4-2355>utig4-2357>utig4-2462<utig4-2312<utig4-2310<utig4-2260<utig4-2258<utig4-659>utig4-658>utig4-662>utig4-2338>utig4-2340<utig4-2366<utig4-2292>utig4-2290>utig4-2294>utig4-2390<utig4-2333>utig4-2332>utig4-2334>utig4-2337<utig4-2485>utig4-2484<utig4-2278<utig4-2275>utig4-2276<utig4-2355>utig4-2356>utig4-2462<utig4-2311<utig4-2310<utig4-2259<utig4-2258<utig4-660>utig4-658>utig4-661>utig4-2338>utig4-2339<utig4-2366<utig4-2292>utig4-2290>utig4-2294>utig4-2390>utig4-2391	sire_compressed.k31.hapmer_from_utig4-1727	SIRE_COMPRESSED.K31.HAPMER
sire_compressed.k31.hapmer_from_utig4-1972	<utig4-2381>utig4-2380<utig4-2243>utig4-2241>utig4-2244<utig4-2287>utig4-2289<utig4-2313>utig4-2315>utig4-2384>utig4-2385>utig4-2461<utig4-2441>utig4-2440<utig4-2344<utig4-2341>utig4-2342<utig4-2398<utig4-2397<utig4-2393>utig4-2394>utig4-2405<utig4-2349>utig4-2348>utig4-2352<utig4-2387>utig4-2388<utig4-2459<utig4-2409<utig4-2408<utig4-2382>utig4-2380<utig4-2242>utig4-2241>utig4-2245<utig4-2287>utig4-2288<utig4-2313>utig4-2314>utig4-2384>utig4-2386>utig4-2461<utig4-2442>utig4-2440<utig4-2345<utig4-2341>utig4-2343<utig4-2398<utig4-2396<utig4-2393>utig4-2395>utig4-2405<utig4-2350>utig4-2348>utig4-2351<utig4-2387>utig4-2389<utig4-2459<utig4-2410<utig4-2408<utig4-2107>utig4-2106<utig4-2009>utig4-2008<utig4-841>utig4-840>utig4-843>utig4-1774>utig4-1776<utig4-2330<utig4-1910>utig4-1909<utig4-1197<utig4-1194>utig4-1196<utig4-2021<utig4-1974<utig4-1970>utig4-1972	sire_compressed.k31.hapmer_from_utig4-1972	SIRE_COMPRESSED.K31.HAPMER
sire_compressed.k31.hapmer_from_utig4-2061	<utig4-2062<utig4-2059>utig4-2061<utig4-345<utig4-341>utig4-343<utig4-378>utig4-379>utig4-1415>utig4-1419>utig4-1421>utig4-1624<utig4-1418>utig4-1415>utig4-1420	sire_compressed.k31.hapmer_from_utig4-2061	SIRE_COMPRESSED.K31.HAPMER
sire_compressed.k31.hapmer_from_utig4-1931	<utig4-1960<utig4-1957>utig4-1958<utig4-2025<utig4-1908<utig4-1904>utig4-1906>utig4-1929>utig4-1931>utig4-2261<utig4-1802>utig4-1801<utig4-1670>utig4-1668<utig4-1001>utig4-999>utig4-1003<utig4-2121<utig4-828<utig4-824>utig4-825<utig4-2113<utig4-1435<utig4-1431>utig4-1433<utig4-2499<utig4-2191>utig4-2189<utig4-684>utig4-683>utig4-687>utig4-2038<utig4-2034<utig4-2033<utig4-1122<utig4-1119>utig4-1121>utig4-1139<utig4-951<utig4-948>utig4-950>utig4-1962>utig4-1964<utig4-2154>utig4-2155	sire_compressed.k31.hapmer_from_utig4-1931	SIRE_COMPRESSED.K31.HAPMER
dam_compressed.k31.hapmer_from_utig4-811	<utig4-811	dam_compressed.k31.hapmer_from_utig4-811	DAM_COMPRESSED.K31.HAPMER
dam_compressed.k31.hapmer_from_utig4-812	<utig4-812	dam_compressed.k31.hapmer_from_utig4-812	DAM_COMPRESSED.K31.HAPMER
sire_compressed.k31.hapmer_from_utig4-2392	>utig4-2392<utig4-2445<utig4-815>utig4-814>utig4-817<utig4-2445<utig4-816>utig4-814>utig4-818	sire_compressed.k31.hapmer_from_utig4-2392	SIRE_COMPRESSED.K31.HAPMER
dam_compressed.k31.hapmer_from_utig4-867	>utig1-13721_cut0<gapextra1-8-len-4-cov-2>utig1-6314>utig1-16509<utig1-11773<utig1-11769>utig1-11771>utig1-13792<utig1-3038>utig1-3036>utig1-3039>utig1-10243>utig1-10244>utig1-16387<utig1-9557>utig1-9555>utig1-9559<utig1-7035>utig1-7033<utig1-9998>utig1-9999<utig1-12992<utig1-8835<utig1-8833<utig1-3064<utig1-3061>utig1-3063>utig1-6893<utig1-15208<utig1-11277<utig1-11274>utig1-11276<utig1-15202<utig1-14599>utig1-14598<utig1-4121<utig1-4117>utig1-4118<utig1-9448>utig1-9449>utig1-14612<utig1-14256<utig1-14255<utig1-12616>utig1-12614>utig1-12617>utig1-13981<utig1-6584<utig1-6581>utig1-6582>utig1-9757>utig1-9759<utig1-13343<utig1-651>utig1-653>utig1-825>utig1-14990<utig1-14595>utig1-14593<utig1-12699>utig1-12698<utig1-594<utig1-590>utig1-592<utig1-1118>utig1-1117>utig1-1120>utig1-15340<utig1-10372>utig1-10371>utig1-10374<utig1-14875>utig1-14877<utig1-17469<utig1-888<utig1-885>utig1-886>utig1-11052>utig1-11054>utig1-14804>utig1-14806>utig1-15234<utig1-13590>utig1-13588<utig1-6326>utig1-6324>utig1-6328>utig1-13803>utig1-13805<utig1-15634>utig1-15635<utig1-16343<utig1-15150>utig1-15149<utig1-8553<utig1-8549>utig1-8550<utig1-12185>utig1-12186>utig1-13559>utig1-13561<utig1-5488>utig1-5487<utig1-14953<utig1-1212>utig1-1214>utig1-2169>utig1-5887<utig1-10804>utig1-10803<utig1-7340<utig1-7337>utig1-7338<utig1-14304<utig1-6728<utig1-6724>utig1-6725<utig1-15157<utig1-13378>utig1-13377<utig1-7342>utig1-7341>utig1-7345<utig1-12307>utig1-12309>utig1-15422<utig1-8694>utig1-8693>utig1-8696<utig1-9360>utig1-9362>utig1-11906>utig1-11907>utig1-13103>utig1-13104<utig1-15619<utig1-4780>utig1-4779>utig1-4783<utig1-14395<utig1-12546<utig1-12543>utig1-12545<utig1-15135<utig1-9462>utig1-9460>utig1-9464>utig1-15239<utig1-15165>utig1-15163<utig1-6602>utig1-6601<utig1-445<utig1-442>utig1-443>utig1-14322>utig1-14324>utig1-15290<utig1-7204>utig1-7206>utig1-9429>utig1-9431<utig1-11055<utig1-7698<utig1-7697<utig1-7134>utig1-7132>utig1-8295<utig1-6653<utig1-6649>utig1-6651<utig1-13333>utig1-13335>utig1-14481<utig1-12907<utig1-12905<utig1-12322<utig1-12321<utig1-10074>utig1-10073>utig1-10076>utig1-11550<utig1-3918>utig1-3917>utig1-3921<utig1-5954>utig1-5955<utig1-7735<utig1-7582<utig1-7578>utig1-7580<utig1-12212>utig1-12214>utig1-14622<utig1-6996>utig1-6994>utig1-6998>utig1-9668>utig1-9669>utig1-14378>utig1-14380>utig1-17314<utig1-12804<utig1-12801>utig1-12803>utig1-14610>utig1-14611>utig1-17455<utig1-17456>utig1-17455<utig1-16291<utig1-16288>utig1-16290>utig1-17683<utig1-16351<utig1-16350<utig1-16116<utig1-16114<utig1-16030<utig1-16026>utig1-16027<utig1-16235>utig1-16237<utig1-17006>utig1-17008<utig1-17280<utig1-17259>utig1-17258<utig1-16680>utig1-16679<utig1-4707>utig1-4708>utig1-5735<utig1-15995>utig1-15996<utig1-16288>utig1-16289>utig1-17683<utig1-16352<utig1-16350<utig1-16115<utig1-16114<utig1-16029<utig1-16026>utig1-16028<utig1-16235>utig1-16236<utig1-17006>utig1-17007<utig1-17280<utig1-17260>utig1-17258<utig1-16681>utig1-16679<utig1-15997<utig1-15995<utig1-2400>utig1-2399<utig1-17700<utig1-6198>utig1-6196>utig1-6199<utig1-17084<utig1-6200>utig1-6450<utig1-17084<utig1-619>utig1-621>utig1-17679<utig1-4235<utig1-4233<utig1-4233<utig1-4233<utig1-4233<utig1-4233<utig1-4233>utig1-4234>utig1-5816<utig1-5062>utig1-5817>utig1-17221<utig1-2616<utig1-2613>utig1-2615<utig1-2613>utig1-2614>utig1-6559>utig1-16732<utig1-5893	dam_compressed.k31.hapmer_from_utig4-867	DAM_COMPRESSED.K31.HAPMER
sire_compressed.k31.hapmer_from_utig4-2211	<utig4-1606>utig4-1608<utig4-2212>utig4-2213<utig4-846>utig4-845>utig4-849<utig4-2004<utig4-1104<utig4-1100>utig4-1101<utig4-1899>utig4-1898>utig4-1901<utig4-1975<utig4-1812<utig4-1809>utig4-1811>utig4-2011<utig4-357<utig4-353>utig4-354>utig4-2209>utig4-2211	sire_compressed.k31.hapmer_from_utig4-2211	SIRE_COMPRESSED.K31.HAPMER
dam_compressed.k31.hapmer_from_utig4-652;dam_compressed.k31.hapmer_from_utig4-653;dam_compressed.k31.hapmer_from_utig4-1729	<utig4-651>utig4-652>utig4-653<utig4-858<utig4-855>utig4-856<utig4-1337>utig4-1338<utig4-2160>utig4-2161>utig4-2309<utig4-1653>utig4-1652>utig4-1656<utig4-2055<utig4-2027<utig4-2026<utig4-1648<utig4-1646<utig4-887<utig4-884>utig4-885>utig4-1728>utig4-1729<utig4-1856>utig4-1858<utig4-2151<utig4-1794>utig4-1793>utig4-1796	dam_compressed.k31.hapmer_from_utig4-652	DAM_COMPRESSED.K31.HAPMER
sire_compressed.k31.hapmer_from_utig4-1453;sire_compressed.k31.hapmer_from_utig4-643;sire_compressed.k31.hapmer_from_utig4-1730	<utig4-2413<utig4-2412<utig4-577<utig4-573>utig4-574>utig4-1496<utig4-1344<utig4-1340>utig4-1343<utig4-1560<utig4-1333<utig4-1331>utig4-1332<utig4-2416<utig4-2414>utig4-2417<utig4-1354<utig4-1349>utig4-1351>utig4-1638<utig4-629>utig4-627<utig4-1335<utig4-666>utig4-663>utig4-667<utig4-1447<utig4-1444>utig4-1445>utig4-1449<utig4-2415<utig4-2414<utig4-736<utig4-731>utig4-735<utig4-2423<utig4-2422<utig4-2046<utig4-1645>utig4-2047<utig4-1641>utig4-1640<utig4-1020>utig4-1021<utig4-2505<utig4-1466<utig4-1462>utig4-1464<utig4-2412<utig4-1352<utig4-1349>utig4-1350>utig4-1638<utig4-1336<utig4-1335<utig4-665>utig4-663>utig4-669<utig4-1331<utig4-571>utig4-570>utig4-572<utig4-1444>utig4-1446>utig4-1450<utig4-2414<utig4-737<utig4-731>utig4-732<utig4-2422<utig4-1644<utig4-1642>utig4-1640<utig4-1020>utig4-1022<utig4-2505<utig4-1465<utig4-1462>utig4-1463<utig4-2412<utig4-578<utig4-573>utig4-576<utig4-1340>utig4-1342<utig4-1560>utig4-1561<utig4-740<utig4-738<utig4-731>utig4-733<utig4-2422<utig4-2045<utig4-1645>utig4-2047<utig4-1453<utig4-643<utig4-640>utig4-641>utig4-2452>utig4-2453<utig4-1461<utig4-1457>utig4-1458<utig4-2449<utig4-1633>utig4-1632<utig4-487>utig4-485>utig4-676<utig4-644<utig4-640>utig4-642>utig4-2452>utig4-2453<utig4-1460<utig4-1457>utig4-1459<utig4-2449<utig4-1634>utig4-1632<utig4-486>utig4-485>utig4-676>utig4-678<utig4-2160>utig4-2162>utig4-2309<utig4-1654>utig4-1652>utig4-1655<utig4-2055<utig4-2028<utig4-2026<utig4-1647<utig4-1646<utig4-888<utig4-884>utig4-886>utig4-1728>utig4-1730<utig4-1856>utig4-1857<utig4-2151<utig4-1795>utig4-1793>utig4-1797	sire_compressed.k31.hapmer_from_utig4-1453	SIRE_COMPRESSED.K31.HAPMER
dam_compressed.k31.hapmer_from_utig4-549;dam_compressed.k31.hapmer_from_utig4-797	<utig4-1667<utig4-1665<utig4-1149>utig4-1148<utig4-119<utig4-59<utig4-55>utig4-57<utig4-563>utig4-564>utig4-2221<utig4-1686>utig4-1685<utig4-547>utig4-545>utig4-549>utig4-555<utig4-1501<utig4-799<utig4-795>utig4-797	dam_compressed.k31.hapmer_from_utig4-549	DAM_COMPRESSED.K31.HAPMER
sire_compressed.k31.hapmer_from_utig4-1954;sire_compressed.k31.hapmer_from_utig4-901	<utig4-1711>utig4-1710>utig4-1714>utig4-1772<utig4-674<utig4-673<utig4-326<utig4-322>utig4-324>utig4-327<utig4-2420<utig4-2087>utig4-2085<utig4-1477<utig4-1474>utig4-1475<utig4-2477>utig4-2479>utig4-2513<utig4-1791<utig4-1790<utig4-1080<utig4-1077>utig4-1079>utig4-1743<utig4-1113<utig4-1110>utig4-1112<utig4-2140<utig4-1678>utig4-1677>utig4-1680<utig4-2108<utig4-1786>utig4-1784<utig4-460>utig4-458>utig4-461<utig4-1024<utig4-437>utig4-436>utig4-440<utig4-1821<utig4-1327>utig4-1326<utig4-1283<utig4-1282<utig4-541>utig4-539>utig4-542<utig4-1191>utig4-1192>utig4-1918>utig4-1919<utig4-2054<utig4-1955<utig4-1952>utig4-1954>utig4-2141<utig4-1217<utig4-1214>utig4-1216<utig4-2109<utig4-1035>utig4-1034>utig4-1038<utig4-1513>utig4-1515<utig4-1840<utig4-1315<utig4-1312>utig4-1314>utig4-1334<utig4-1320<utig4-1317<utig4-1316<utig4-1312>utig4-1313>utig4-1334<utig4-1319<utig4-1317>utig4-1318>utig4-1330<utig4-1311>utig4-1310<utig4-649>utig4-648<utig4-897>utig4-899>utig4-1310<utig4-650>utig4-648<utig4-897>utig4-899>utig4-1310<utig4-650>utig4-648<utig4-897>utig4-898>utig4-901	sire_compressed.k31.hapmer_from_utig4-1954	SIRE_COMPRESSED.K31.HAPMER
dam_compressed.k31.hapmer_from_utig4-1953;dam_compressed.k31.hapmer_from_utig4-1346	<utig4-1712>utig4-1710>utig4-1713>utig4-1772<utig4-675<utig4-673<utig4-325<utig4-322>utig4-323<utig4-2421<utig4-2420<utig4-2086>utig4-2085<utig4-1478<utig4-1474>utig4-1476<utig4-2477>utig4-2478>utig4-2513<utig4-1792<utig4-1790<utig4-1081<utig4-1077>utig4-1078>utig4-1743<utig4-1114<utig4-1110>utig4-1111<utig4-2140<utig4-1679>utig4-1677>utig4-1681<utig4-2108<utig4-1785>utig4-1784<utig4-459>utig4-458>utig4-462<utig4-1024<utig4-438>utig4-436>utig4-439<utig4-1821<utig4-1328>utig4-1326<utig4-1284<utig4-1282<utig4-540>utig4-539>utig4-543<utig4-1191>utig4-1193>utig4-1918>utig4-1920<utig4-2054<utig4-1956<utig4-1952>utig4-1953>utig4-2141<utig4-1218<utig4-1214>utig4-1215<utig4-2109<utig4-1036>utig4-1034>utig4-1037<utig4-1513>utig4-1514<utig4-1840>utig4-1841<utig4-2116<utig4-1348>utig4-2114<utig4-805>utig4-803>utig4-809<utig4-682<utig4-166<utig4-145>utig4-167>utig4-688>utig4-2491<utig4-680<utig4-165<utig4-145>utig4-143<utig4-2116<utig4-1348>utig4-2114>utig4-2117<utig4-671>utig4-670<utig4-1346	dam_compressed.k31.hapmer_from_utig4-1953	DAM_COMPRESSED.K31.HAPMER
dam_compressed.k31.hapmer_from_utig4-2111;dam_compressed.k31.hapmer_from_utig4-1306	>utig4-1788<utig4-1008<utig4-1005>utig4-1006<utig4-1071>utig4-1073<utig4-1994>utig4-1996<utig4-2074<utig4-1837>utig4-1835>utig4-1838<utig4-2308<utig4-2073<utig4-2069>utig4-2071<utig4-2493<utig4-1925>utig4-1924<utig4-1886>utig4-1884<utig4-1232>utig4-1231>utig4-1235<utig4-1751<utig4-947<utig4-943>utig4-945>utig4-988<utig4-691>utig4-690>utig4-693>utig4-1699>utig4-1701<utig4-2486<utig4-2058>utig4-2056<utig4-1064<utig4-1061>utig4-1062<utig4-2110>utig4-2111<utig4-2433<utig4-1306	dam_compressed.k31.hapmer_from_utig4-2111	DAM_COMPRESSED.K31.HAPMER
sire_compressed.k31.hapmer_from_utig4-2112;dam_compressed.k31.hapmer_from_utig4-1306	>utig4-1788<utig4-1009<utig4-1005>utig4-1007<utig4-1071>utig4-1072<utig4-1994>utig4-1995<utig4-2074<utig4-1836>utig4-1835>utig4-1839<utig4-2308<utig4-2072<utig4-2069>utig4-2070<utig4-2493<utig4-1926>utig4-1924<utig4-1885>utig4-1884<utig4-1233>utig4-1231>utig4-1234<utig4-1751<utig4-946<utig4-943>utig4-944>utig4-988<utig4-692>utig4-690>utig4-694>utig4-1699>utig4-1700<utig4-2486<utig4-2057>utig4-2056<utig4-1065<utig4-1061>utig4-1063<utig4-2110>utig4-2112<utig4-2437<utig4-2433<utig4-1306	sire_compressed.k31.hapmer_from_utig4-2112	SIRE_COMPRESSED.K31.HAPMER
