index	chr	length	ref length	ctgs	scfs	telomeres	gaps	path name	path
sire_compressed.k31.hapmer-0000681	NC_037328.1_chr_1	168720234.0	158534110.0	1.0	1.0	2.0		sire_compressed.k31.hapmer_from_utig4-2247	utig4-1628-,utig4-1626+,utig4-721-,utig4-719+,utig4-722+,utig4-2407-,utig4-1213-,utig4-1209-,utig4-1210+,utig4-1664-,utig4-633-,utig4-630-,utig4-631+,utig4-2307-,utig4-771-,utig4-767-,utig4-768+,utig4-2164-,utig4-973-,utig4-969-,utig4-970+,utig4-2185+,utig4-2091-,utig4-2089+,utig4-1922-,utig4-1921+,utig4-698-,utig4-695-,utig4-697+,utig4-1179-,utig4-880-,utig4-879+,utig4-882+,utig4-1688+,utig4-1689+,utig4-2457-,utig4-1849-,utig4-1848+,utig4-1851+,utig4-2374+,utig4-1861-,utig4-1859-,utig4-1456-,utig4-1454-,utig4-621-,utig4-617-,utig4-618+,utig4-2379+,utig4-2249-,utig4-2246-,utig4-2247+
sire_compressed.k31.hapmer-0000660	NC_037329.1_chr_2	156835890.0	136231102.0			1.0	1.0	sire_compressed.k31.hapmer_from_utig4-137	utig4-137+,utig4-2127-,utig4-1933-,utig4-1932-,utig4-1823-,utig4-1822+,utig4-1826+,utig4-2367-,utig4-2368+,utig4-2488-,utig4-2455-,utig4-2454-,utig4-2272-,utig4-2269-,[N1000N:ambig_bubble],utig4-2298-,utig4-1662-,utig4-1659-,utig4-1661+,utig4-2458+,utig4-2187-,utig4-2186+,utig4-3-,utig4-1+,utig4-5+,utig4-1739-,utig4-904-,utig4-902+,utig4-905+,utig4-1940+,utig4-1033-,utig4-1030-,utig4-42-,utig4-23+
sire_compressed.k31.hapmer-0000666	NC_037330.1_chr_3	138292597.0	121005158.0			1.0	2.0	sire_compressed.k31.hapmer_from_utig4-1727	utig4-1382+,utig4-975-,utig4-974-,utig4-913-,utig4-912+,utig4-915+,utig4-1649+,utig4-1650+,utig4-2424+,utig4-2015-,utig4-2012-,utig4-2014+,utig4-2181-,utig4-2083-,utig4-2080-,utig4-2081+,utig4-2193+,utig4-1704-,utig4-1702+,utig4-1706+,utig4-2354-,utig4-1116-,utig4-1115-,utig4-833-,utig4-829-,utig4-830+,utig4-2483+,utig4-1237-,utig4-1236-,utig4-1070-,utig4-1066-,utig4-1067+,utig4-2286-,utig4-616-,utig4-612-,utig4-614+,utig4-1715-,utig4-1717+,utig4-1726-,utig4-1727+,[N5000N:ambig_path],utig4-2332+,utig4-2334+,utig4-2337+,utig4-2485-,utig4-2484+,utig4-2278-,utig4-2275-,utig4-2277+,utig4-2355-,utig4-2357+,utig4-2462+,utig4-2311-,utig4-2310-,utig4-2260-,utig4-2258-,utig4-660-,utig4-658+,utig4-661+,utig4-2338+,[N1000N:ambig_bubble],utig4-2366-,utig4-2292-,utig4-2290+,utig4-2294+,utig4-2390+,utig4-2391+
sire_compressed.k31.hapmer-0000672	NC_037331.1_chr_4	130366971.0	120000601.0			1.0		sire_compressed.k31.hapmer_from_utig4-1931	utig4-1957-,utig4-1958+,utig4-2025-,utig4-1908-,utig4-1904-,utig4-1906+,utig4-1929+,utig4-1931+,utig4-2261+,utig4-1802-,utig4-1801+,utig4-1670-,utig4-1668+,utig4-1001-,utig4-999+,utig4-1003+,utig4-2121-,utig4-828-,utig4-824-,utig4-825+,utig4-2113-,utig4-1435-,utig4-1431-,utig4-1433+,utig4-2499-,utig4-2191-,utig4-2189+,utig4-684-,utig4-683+,utig4-687+,utig4-2038+,utig4-2034-,utig4-2033-,utig4-1122-,utig4-1119-,utig4-1121+,utig4-1139+,utig4-951-,utig4-948-,utig4-950+,utig4-1962+,utig4-1964+,utig4-2154-,utig4-2155+
sire_compressed.k31.hapmer-0000663	NC_037332.1_chr_5	139153273.0	120089316.0	1.0	1.0	2.0		sire_compressed.k31.hapmer_from_utig4-1511	utig4-2252-,utig4-1947-,utig4-1946+,utig4-1943-,utig4-1941+,utig4-1945+,utig4-2051-,utig4-2053+,utig4-2171-,utig4-961-,utig4-958-,utig4-959+,utig4-1152+,utig4-764-,utig4-762+,utig4-766+,utig4-1097+,utig4-1099+,utig4-1798+,utig4-1800+,utig4-2173-,utig4-979-,utig4-977+,utig4-981+,utig4-2504-,utig4-63-,utig4-61+,utig4-65+,utig4-1044+,utig4-1046+,utig4-1510+,utig4-1511+,utig4-2347-,utig4-725-,utig4-724+,utig4-728+,utig4-1842+,utig4-871-,utig4-869+,utig4-873+
sire_compressed.k31.hapmer-0000673	NC_037333.1_chr_6	116304477.0	117806340.0			1.0	1.0	sire_compressed.k31.hapmer_from_utig4-1954	utig4-1711-,utig4-1710+,utig4-1714+,utig4-1772+,utig4-674-,utig4-673-,utig4-326-,utig4-322-,utig4-324+,utig4-327+,utig4-2420-,utig4-2087-,utig4-2085+,utig4-1477-,utig4-1474-,utig4-1475+,utig4-2477-,utig4-2479+,utig4-2513+,utig4-1791-,utig4-1790-,utig4-1080-,utig4-1077-,utig4-1079+,utig4-1743+,utig4-1113-,utig4-1110-,utig4-1112+,utig4-2140-,utig4-1678-,utig4-1677+,utig4-1680+,utig4-2108-,utig4-1786-,utig4-1784+,utig4-460-,utig4-458+,utig4-461+,utig4-1024-,utig4-437-,utig4-436+,utig4-440+,utig4-1821-,utig4-1327-,utig4-1326+,utig4-1283-,utig4-1282-,utig4-541-,utig4-539+,utig4-542+,utig4-1191-,utig4-1192+,utig4-1918+,utig4-1919+,utig4-2054-,utig4-1955-,utig4-1952-,utig4-1954+,utig4-2141+,utig4-1217-,utig4-1214-,utig4-1216+,utig4-2109-,utig4-1035-,utig4-1034+,utig4-1038+,utig4-1513-,utig4-1515+,utig4-1840-,utig4-1315-,[N648407N:tangle],utig4-1318+,utig4-1330+,utig4-1311-,utig4-1310+,utig4-649-,utig4-648+
sire_compressed.k31.hapmer-0000684	NC_037334.1_chr_7	128125447.0	110682743.0			1.0	1.0	sire_compressed.k31.hapmer_from_utig4-287	utig4-1526-,utig4-1518-,[N5000N:ambig_path],utig4-417+,utig4-418+,utig4-2296-,utig4-1684-,utig4-1682-,utig4-747-,utig4-746+,utig4-749+,utig4-2197+,utig4-2199+,utig4-2447-,utig4-957-,utig4-953-,utig4-955+,utig4-2036+,utig4-1176-,utig4-1174+,utig4-1178+,utig4-1355+,utig4-1356+,utig4-2200+,utig4-1969-,utig4-1965-,utig4-1966+,utig4-2450-,utig4-1754-,utig4-1752-,utig4-1184-,utig4-1180-,utig4-1181+,utig4-2425-,utig4-1871-,utig4-1869+,utig4-284-,utig4-283+,utig4-287+
sire_compressed.k31.hapmer-0000657	NC_037335.1_chr_8	126036336.0	113319770.0	1.0	1.0	2.0		sire_compressed.k31.hapmer_from_utig4-1202	utig4-2299-,utig4-2177-,utig4-2176+,utig4-2179+,utig4-2506-,utig4-742-,utig4-741+,utig4-744+,utig4-2215+,utig4-2023-,utig4-2022+,utig4-822-,utig4-819-,utig4-821+,utig4-1868+,utig4-852-,utig4-850+,utig4-853+,utig4-2039-,utig4-2040+,utig4-2172-,utig4-1088-,utig4-1087+,utig4-1090+,utig4-2373-,utig4-2002-,utig4-2000-,utig4-1128-,utig4-1124-,utig4-1126+,utig4-1718+,utig4-1719+,utig4-2018+,utig4-2020+,utig4-2182-,utig4-2184+,utig4-2262-,utig4-70-,utig4-66-,utig4-67+,utig4-1740+,utig4-1742+,utig4-1783+,utig4-1207-,utig4-1204-,utig4-1205+,utig4-2237+,utig4-1986-,utig4-1982-,utig4-1983+,utig4-2134+,utig4-195-,utig4-194+,utig4-197+,utig4-1671+,utig4-1201-,utig4-1199+,utig4-1202+
sire_compressed.k31.hapmer-0000677	NC_037336.1_chr_9	118430909.0	105454467.0			1.0		sire_compressed.k31.hapmer_from_utig4-2112	utig4-1788+,utig4-1009-,utig4-1005-,utig4-1007+,utig4-1071-,utig4-1072+,utig4-1994-,utig4-1995+,utig4-2074-,utig4-1836-,utig4-1835+,utig4-1839+,utig4-2308-,utig4-2072-,utig4-2069-,utig4-2070+,utig4-2493-,utig4-1926-,utig4-1924+,utig4-1885-,utig4-1884+,utig4-1233-,utig4-1231+,utig4-1234+,utig4-1751-,utig4-946-,utig4-943-,utig4-944+,utig4-988+,utig4-692-,utig4-690+,utig4-694+,utig4-1699+,utig4-1700+,utig4-2486-,utig4-2057-,utig4-2056+,utig4-1065-,utig4-1061-,utig4-1063+,utig4-2110-,utig4-2112+,utig4-2437-,utig4-2433-
sire_compressed.k31.hapmer-0000671	NC_037337.1_chr_10	116885217.0	103308737.0	1.0	1.0	2.0		sire_compressed.k31.hapmer_from_utig4-1863	utig4-553-,utig4-550-,utig4-551+,utig4-2201+,utig4-713-,utig4-712+,utig4-716+,utig4-1773-,utig4-875-,utig4-874+,utig4-877+,utig4-1777+,utig4-1759-,utig4-1758+,utig4-1762+,utig4-1832+,utig4-1834+,utig4-2216-,utig4-782-,utig4-778-,utig4-779+,utig4-922-,utig4-924+,utig4-1047-,utig4-1048+,utig4-1981+,utig4-1169-,utig4-1168+,utig4-1160-,utig4-1158+,utig4-1162+,utig4-1185+,utig4-1186+,utig4-1991+,utig4-1992+,utig4-2274+,utig4-1891-,utig4-1890+,utig4-1060-,utig4-1056-,utig4-1058+,utig4-2228-,utig4-2229+,utig4-2346+,utig4-1019-,utig4-1015-,utig4-1017+,utig4-1916+,utig4-1086-,utig4-1082-,utig4-1084+,utig4-2498+,utig4-1107-,utig4-1105+,utig4-1108+,utig4-1171-,utig4-1173+,utig4-1862+,utig4-1863+
sire_compressed.k31.hapmer-0000664	NC_037338.1_chr_11	119032998.0	106982474.0			1.0		sire_compressed.k31.hapmer_from_utig4-1658	utig4-81+,utig4-93+,utig4-2174+,utig4-1855-,utig4-1853-,utig4-1734-,utig4-1731-,utig4-1733+,utig4-2321+,utig4-2323+,utig4-2301-,utig4-2264-,utig4-2263+,utig4-909-,utig4-907+,utig4-911+,utig4-1118-,utig4-986-,utig4-982-,utig4-984+,utig4-2406-,utig4-1223-,utig4-1222+,utig4-1226+,utig4-2118+,utig4-2119+,utig4-2476-,utig4-1566-,utig4-1562-,utig4-1563+,utig4-2157+,utig4-2159+,utig4-2251+,utig4-941-,utig4-940+,utig4-701-,utig4-700+,utig4-704+,utig4-966-,utig4-968+,utig4-987-,utig4-839-,utig4-835-,utig4-836+,utig4-1877-,utig4-1029-,utig4-1025-,utig4-1026+,utig4-2383-,utig4-203-,utig4-199-,utig4-201+,utig4-1657+,utig4-1658+
sire_compressed.k31.hapmer-0000659	NC_037339.1_chr_12	104256514.0	87216183.0	1.0	1.0	2.0		sire_compressed.k31.hapmer_from_utig4-1363	utig4-1363+,utig4-2129-,utig4-2099-,utig4-2098-,utig4-1094-,utig4-1092+,utig4-1096+,utig4-2326-,utig4-1614-,utig4-1612+,utig4-1616+,utig4-2254+,utig4-2255+,utig4-2378+,utig4-295-,utig4-294+,utig4-298+,utig4-1978+,utig4-1979+,utig4-2411-,utig4-1014-,utig4-1010-,utig4-1011+,utig4-1763-,utig4-1345-,utig4-431-,utig4-429+,utig4-433+,utig4-2460-,utig4-1360-,utig4-1358+,utig4-1361+,utig4-2295-,utig4-2079-,utig4-2075-,utig4-2076+,utig4-2257-,utig4-1780-,utig4-1778+,utig4-1781+,utig4-2439-,utig4-2284-,utig4-2283+,utig4-729-,utig4-510-
sire_compressed.k31.hapmer-0000669	NC_037340.1_chr_13	99585404.0	83472345.0	1.0	1.0	2.0		sire_compressed.k31.hapmer_from_utig4-1770	utig4-801-,utig4-800+,utig4-141-,utig4-138-,utig4-139+,utig4-609-,utig4-610+,utig4-2205+,utig4-1769-,utig4-1767+,utig4-1770+,utig4-2353-,utig4-1051-,utig4-1050+,utig4-1054+,utig4-2066-,utig4-2068+
sire_compressed.k31.hapmer-0000678	NC_037341.1_chr_14	100607080.0	82403003.0	1.0	1.0	2.0		sire_compressed.k31.hapmer_from_utig4-2144	utig4-1787-,utig4-964-,utig4-963+,utig4-918-,utig4-917+,utig4-921+,utig4-2208+,utig4-1937-,utig4-1935+,utig4-1939+,utig4-1997+,utig4-1998+,utig4-2163-,utig4-472-,utig4-470+,utig4-473+,utig4-2153-,utig4-2152-,utig4-996-,utig4-994+,utig4-998+,utig4-1736+,utig4-1738+,utig4-1928+,utig4-1146-,utig4-1143-,utig4-1145+,utig4-1949-,utig4-1951+,utig4-2131-,utig4-2133+,utig4-2170+,utig4-1889-,utig4-1887-,utig4-932-,utig4-930+,utig4-933+,utig4-2399-,utig4-2147-,utig4-2143-,utig4-2144+,utig4-2418-
sire_compressed.k31.hapmer-0000655	NC_037342.1_chr_15	101101416.0	85007780.0	1.0	1.0	2.0		sire_compressed.k31.hapmer_from_utig4-1155	utig4-1324-,utig4-1321-,utig4-1322+,utig4-2475+,utig4-1141-,utig4-1140+,utig4-20-,utig4-17-,utig4-18+,utig4-2042+,utig4-2043+,utig4-2238-,utig4-2235-,utig4-2231-,utig4-2232+,utig4-2325+,utig4-2136-,utig4-2135+,utig4-2139+,utig4-2227-,utig4-1894-,utig4-1893+,utig4-1897+,utig4-1987-,utig4-1157-,utig4-1153-,utig4-1155+
sire_compressed.k31.hapmer-0000668	NC_037343.1_chr_16	96105003.0	81013979.0	1.0	1.0	2.0		sire_compressed.k31.hapmer_from_utig4-1746	utig4-928-,utig4-925-,utig4-926+,utig4-2236-,utig4-392-,utig4-388-,utig4-389+,utig4-1074-,utig4-1076+,utig4-1412-,utig4-1043-,utig4-1039-,utig4-1041+,utig4-2097-,utig4-337-,utig4-335+,utig4-339+,utig4-1744+,utig4-1746+,utig4-2122-,utig4-2123+
sire_compressed.k31.hapmer-0000691	NC_037344.1_chr_17	87025295.0	73167244.0	1.0	1.0	2.0		sire_compressed.k31.hapmer_from_utig4-893	utig4-2167-,utig4-2165+,utig4-891-,utig4-889+,utig4-893+,utig4-1764-,utig4-1765+,utig4-2331-,utig4-2203-,utig4-2202+,utig4-2007-,utig4-2005+,utig4-1879-,utig4-1878-,utig4-1876-,utig4-1872-,utig4-1874+,utig4-2095+,utig4-2096+
sire_compressed.k31.hapmer-0000679	NC_037345.1_chr_18	77888856.0	65820629.0	1.0	1.0	2.0		sire_compressed.k31.hapmer_from_utig4-2175	utig4-2175+,utig4-2194-,utig4-1229-,utig4-1227+,utig4-1230+,utig4-1748-,utig4-1747+,utig4-1750+,utig4-1927+,utig4-1190-,utig4-1188-,utig4-753-,utig4-751+,utig4-754+,utig4-1055-,utig4-333-,utig4-329-,utig4-330+,utig4-1913+,utig4-1915+
sire_compressed.k31.hapmer-0000690	NC_037346.1_chr_19	77399728.0	63449741.0	1.0	1.0	2.0		sire_compressed.k31.hapmer_from_utig4-868	utig4-2281-,utig4-2280+,utig4-1882-,utig4-1881-,utig4-1138-,utig4-1134-,utig4-1136+,utig4-1707+,utig4-1709+,utig4-2446+,utig4-1757-,utig4-1755-,utig4-179-,utig4-178+,utig4-181+,utig4-2451+,utig4-1221-,utig4-1219-,utig4-865-,utig4-864+,utig4-868+
sire_compressed.k31.hapmer-0000667	NC_037347.1_chr_20	73359279.0	71974595.0			1.0	2.0	sire_compressed.k31.hapmer_from_utig4-1730	utig4-640-,[N110589N:ambig_bubble],utig4-2452+,[N1000N:ambig_bubble],utig4-676+,utig4-678+,utig4-2160-,utig4-2162+,utig4-2309+,utig4-1654-,utig4-1652+,utig4-1655+,utig4-2055-,utig4-2028-,utig4-2026-,utig4-1647-,utig4-1646-,utig4-888-,utig4-884-,utig4-886+,utig4-1728+,utig4-1730+,utig4-1856-,utig4-1857+,utig4-2151-,utig4-1795-,utig4-1793+,utig4-1797+
sire_compressed.k31.hapmer-0000675	NC_037348.1_chr_21	85614615.0	69862954.0		1.0	2.0	5.0	sire_compressed.k31.hapmer_from_utig4-1972	utig4-2381-,utig4-2380+,[N4196N:ambig_bubble],utig4-2241+,[N82033N:ambig_bubble],utig4-2287-,utig4-2289+,utig4-2313-,utig4-2315+,utig4-2384+,[N1000N:ambig_bubble],utig4-2461+,utig4-2441-,utig4-2440+,utig4-2344-,utig4-2341-,utig4-2343+,utig4-2398-,utig4-2396-,utig4-2393-,utig4-2395+,utig4-2405+,utig4-2350-,utig4-2348+,utig4-2351+,utig4-2387-,utig4-2389+,utig4-2459-,[N13728N:ambig_bubble],utig4-2408-,[N5000N:ambig_path],utig4-2107-,utig4-2106+,utig4-2009-,utig4-2008+,utig4-841-,utig4-840+,utig4-843+,utig4-1774+,utig4-1776+,utig4-2330-,utig4-1910-,utig4-1909+,utig4-1197-,utig4-1194-,utig4-1196+,utig4-2021-,utig4-1974-,utig4-1970-,utig4-1972+
sire_compressed.k31.hapmer-0000670	NC_037349.1_chr_22	75147935.0	60773035.0	1.0	1.0	2.0		sire_compressed.k31.hapmer_from_utig4-1831	utig4-2049-,utig4-2048-,utig4-1989-,utig4-1988+,utig4-1867-,utig4-1865+,utig4-1816-,utig4-1815+,utig4-1819+,utig4-2037+,utig4-1829-,utig4-1827+,utig4-1831+
sire_compressed.k31.hapmer-0000685	NC_037350.1_chr_23	64365206.0	52498615.0	1.0	1.0	2.0		sire_compressed.k31.hapmer_from_utig4-492	utig4-1675-,utig4-1672-,utig4-1674+,utig4-2124-,utig4-2126+,utig4-2220-,utig4-860-,utig4-859+,utig4-862+,utig4-1917+,utig4-991-,utig4-989+,utig4-993+,utig4-2206-,utig4-494-,utig4-490-,utig4-492+
sire_compressed.k31.hapmer-0000680	NC_037351.1_chr_24	71180025.0	62317253.0			1.0	1.0	sire_compressed.k31.hapmer_from_utig4-2211	utig4-1606-,utig4-1608+,utig4-2212-,utig4-2214+,[N11814N:alt-utig4-2213],utig4-846-,utig4-845+,utig4-849+,utig4-2004-,utig4-1104-,utig4-1100-,utig4-1101+,utig4-1899-,utig4-1898+,utig4-1901+,utig4-1975-,utig4-1812-,utig4-1809-,utig4-1811+,utig4-2011+,utig4-357-,utig4-353-,utig4-354+,utig4-2209+,utig4-2211+
sire_compressed.k31.hapmer-0000665	NC_037352.1_chr_25	52692206.0	42350435.0			1.0	1.0	sire_compressed.k31.hapmer_from_utig4-1698	utig4-1248+,utig4-476-,[N1000N:ambig_bubble],utig4-477+,utig4-1693-,utig4-1691-,utig4-1133-,utig4-1129-,utig4-1130+,utig4-2063+,utig4-2064+,utig4-2142+,utig4-1696-,utig4-1694+,utig4-1698+,utig4-2372-,utig4-2370+,utig4-1722-,utig4-1721+,utig4-1724+,utig4-2032+,utig4-506-,utig4-504+,utig4-508+,utig4-1538-,utig4-1539+,utig4-1820+,utig4-72-,utig4-71+,utig4-74+,utig4-2448+,utig4-2225-,utig4-2222-,utig4-2224+
sire_compressed.k31.hapmer-0000682	NC_037353.1_chr_26	58553890.0	51992305.0			1.0		sire_compressed.k31.hapmer_from_utig4-2376	utig4-605-,utig4-604+,utig4-289-,utig4-288+,utig4-292+,utig4-2217-,utig4-2219+,utig4-2375+,utig4-2376+
sire_compressed.k31.hapmer-0000686	NC_037354.1_chr_27	46398840.0	45612108.0			1.0		sire_compressed.k31.hapmer_from_utig4-548	utig4-1666-,utig4-1665-,utig4-1150-,utig4-1148+,utig4-1151+,utig4-58-,utig4-55-,utig4-56+,utig4-563-,utig4-565+,utig4-2221+,utig4-1687-,utig4-1685+,utig4-546-,utig4-545+,utig4-548+
sire_compressed.k31.hapmer-0000676	NC_037355.1_chr_28	61483000.0	45940150.0		1.0	2.0	1.0	sire_compressed.k31.hapmer_from_utig4-2061	utig4-2062-,utig4-2059-,utig4-2061+,[N5000N:ambig_path],utig4-1415+,utig4-1420+
sire_compressed.k31.hapmer-0000656	NC_037356.1_chr_29	65026509.0	51098607.0	1.0	1.0	2.0		sire_compressed.k31.hapmer_from_utig4-1165	utig4-1847-,utig4-1843-,utig4-1845+,utig4-2088-,utig4-2031-,utig4-2029-,utig4-1166-,utig4-1163-,utig4-1165+
sire_compressed.k31.hapmer-0000693	NC_082638.1_chr_Y	63563732.0	59476289.0	1.0	1.0	2.0		sire_compressed.k31.hapmer_from_utig4-937	utig4-938-,utig4-935-,utig4-937+
dam_compressed.k31.hapmer-0000028	NC_037328.1_chr_1	181953617.0	158534110.0	1.0	1.0	2.0		dam_compressed.k31.hapmer_from_utig4-2248	utig4-1627-,utig4-1626+,utig4-720-,utig4-719+,utig4-723+,utig4-2407-,utig4-1212-,utig4-1209-,utig4-1211+,utig4-1664-,utig4-634-,utig4-630-,utig4-632+,utig4-2307-,utig4-770-,utig4-767-,utig4-769+,utig4-2164-,utig4-972-,utig4-969-,utig4-971+,utig4-2185+,utig4-2090-,utig4-2089+,utig4-1923-,utig4-1921+,utig4-699-,utig4-695-,utig4-696+,utig4-1179-,utig4-881-,utig4-879+,utig4-883+,utig4-1688+,utig4-1690+,utig4-2457-,utig4-1850-,utig4-1848+,utig4-1852+,utig4-2374+,utig4-1860-,utig4-1859-,utig4-1455-,utig4-1454-,utig4-620-,utig4-617-,utig4-619+,utig4-2379+,utig4-2250-,utig4-2246-,utig4-2248+
dam_compressed.k31.hapmer-0000044	NC_037329.1_chr_2	155524332.0	136231102.0			1.0	1.0	dam_compressed.k31.hapmer_from_utig4-903	utig4-2521+,utig4-1516-,utig4-1031-,utig4-1030+,utig4-1032+,utig4-1940-,utig4-906-,utig4-902-,utig4-903+,utig4-1739+,utig4-4-,utig4-1-,utig4-2+,utig4-2186-,utig4-2188+,utig4-2458-,utig4-1660-,utig4-1659+,utig4-1663+,utig4-2298+,[N1000N:ambig_bubble],utig4-2269+,utig4-2273+,utig4-2454+,utig4-2456+,utig4-2488+,utig4-2369-,utig4-2367+,utig4-1825-,utig4-1822-,utig4-1824+,utig4-1932+,utig4-1934+,utig4-2127+,utig4-2128+
dam_compressed.k31.hapmer-0000008	NC_037330.1_chr_3	144249879.0	121005158.0			1.0		dam_compressed.k31.hapmer_from_utig4-1470	utig4-1470+,utig4-1726+,utig4-1716-,utig4-1715+,utig4-613-,utig4-612+,utig4-615+,utig4-2286+,utig4-1068-,utig4-1066+,utig4-1069+,utig4-1236+,utig4-1238+,utig4-2483-,utig4-831-,utig4-829+,utig4-832+,utig4-1115+,utig4-1117+,utig4-2354+,utig4-1705-,utig4-1702-,utig4-1703+,utig4-2193-,utig4-2082-,utig4-2080+,utig4-2084+,utig4-2181+,utig4-2013-,utig4-2012+,utig4-2016+,utig4-2424-,utig4-1651-,utig4-1649-,utig4-916-,utig4-912-,utig4-914+,utig4-974+,utig4-530-
dam_compressed.k31.hapmer-0000017	NC_037331.1_chr_4	144237153.0	120000601.0	1.0	1.0	2.0		dam_compressed.k31.hapmer_from_utig4-1907	utig4-2156-,utig4-2154+,utig4-1963-,utig4-1962-,utig4-949-,utig4-948+,utig4-952+,utig4-1139-,utig4-1120-,utig4-1119+,utig4-1123+,utig4-2033+,utig4-2035+,utig4-2038-,utig4-686-,utig4-683-,utig4-685+,utig4-2189-,utig4-2190+,utig4-2499+,utig4-1432-,utig4-1431+,utig4-1434+,utig4-2113+,utig4-826-,utig4-824+,utig4-827+,utig4-2121+,utig4-1002-,utig4-999-,utig4-1000+,utig4-1668-,utig4-1669+,utig4-1801-,utig4-1803+,utig4-2261-,utig4-1930-,utig4-1929-,utig4-1905-,utig4-1904+,utig4-1907+
dam_compressed.k31.hapmer-0000009	NC_037332.1_chr_5	134962554.0	120089316.0	1.0	1.0	2.0		dam_compressed.k31.hapmer_from_utig4-1512	utig4-1948-,utig4-1946+,utig4-1942-,utig4-1941+,utig4-1944+,utig4-2051-,utig4-2052+,utig4-2171-,utig4-962-,utig4-958-,utig4-960+,utig4-1152+,utig4-763-,utig4-762+,utig4-765+,utig4-1097+,utig4-1098+,utig4-1798+,utig4-1799+,utig4-2173-,utig4-978-,utig4-977+,utig4-980+,utig4-2504-,utig4-62-,utig4-61+,utig4-64+,utig4-1044+,utig4-1045+,utig4-1510+,utig4-1512+,utig4-2347-,utig4-726-,utig4-724+,utig4-727+,utig4-1842+,utig4-870-,utig4-869+,utig4-872+
dam_compressed.k31.hapmer-0000006	NC_037333.1_chr_6	24425874.0	117806340.0			1.0		dam_compressed.k31.hapmer_from_utig4-1346	utig4-1346+
dam_compressed.k31.hapmer-0000019	NC_037333.1_chr_6	114411591.0	117806340.0			1.0		dam_compressed.k31.hapmer_from_utig4-1953	utig4-1712-,utig4-1710+,utig4-1713+,utig4-1772+,utig4-675-,utig4-673-,utig4-325-,utig4-322-,utig4-323+,utig4-2421-,utig4-2420-,utig4-2086-,utig4-2085+,utig4-1478-,utig4-1474-,utig4-1476+,utig4-2477-,utig4-2478+,utig4-2513+,utig4-1792-,utig4-1790-,utig4-1081-,utig4-1077-,utig4-1078+,utig4-1743+,utig4-1114-,utig4-1110-,utig4-1111+,utig4-2140-,utig4-1679-,utig4-1677+,utig4-1681+,utig4-2108-,utig4-1785-,utig4-1784+,utig4-459-,utig4-458+,utig4-462+,utig4-1024-,utig4-438-,utig4-436+,utig4-439+,utig4-1821-,utig4-1328-,utig4-1326+,utig4-1284-,utig4-1282-,utig4-540-,utig4-539+,utig4-543+,utig4-1191-,utig4-1193+,utig4-1918+,utig4-1920+,utig4-2054-,utig4-1956-,utig4-1952-,utig4-1953+,utig4-2141+,utig4-1218-,utig4-1214-,utig4-1215+,utig4-2109-,utig4-1036-,utig4-1034+,utig4-1037+,utig4-1513-,utig4-1514+,utig4-1840-,utig4-1841+,utig4-2116-,utig4-1348-
dam_compressed.k31.hapmer-0000034	NC_037334.1_chr_7	111374872.0	110682743.0			1.0		dam_compressed.k31.hapmer_from_utig4-286	utig4-2297-,utig4-2296-,utig4-1683-,utig4-1682-,utig4-748-,utig4-746+,utig4-750+,utig4-2197+,utig4-2198+,utig4-2447-,utig4-956-,utig4-953-,utig4-954+,utig4-2036+,utig4-1175-,utig4-1174+,utig4-1177+,utig4-1355+,utig4-1357+,utig4-2200+,utig4-1968-,utig4-1965-,utig4-1967+,utig4-2450-,utig4-1753-,utig4-1752-,utig4-1183-,utig4-1180-,utig4-1182+,utig4-2425-,utig4-1870-,utig4-1869+,utig4-285-,utig4-283+,utig4-286+
dam_compressed.k31.hapmer-0000003	NC_037335.1_chr_8	130744306.0	113319770.0	1.0	1.0	2.0		dam_compressed.k31.hapmer_from_utig4-1203	utig4-2299-,utig4-2178-,utig4-2176+,utig4-2180+,utig4-2506-,utig4-743-,utig4-741+,utig4-745+,utig4-2215+,utig4-2024-,utig4-2022+,utig4-823-,utig4-819-,utig4-820+,utig4-1868+,utig4-851-,utig4-850+,utig4-854+,utig4-2039-,utig4-2041+,utig4-2172-,utig4-1089-,utig4-1087+,utig4-1091+,utig4-2373-,utig4-2001-,utig4-2000-,utig4-1127-,utig4-1124-,utig4-1125+,utig4-1718+,utig4-1720+,utig4-2018+,utig4-2019+,utig4-2182-,utig4-2183+,utig4-2262-,utig4-69-,utig4-66-,utig4-68+,utig4-1740+,utig4-1741+,utig4-1783+,utig4-1208-,utig4-1204-,utig4-1206+,utig4-2237+,utig4-1985-,utig4-1982-,utig4-1984+,utig4-2134+,utig4-196-,utig4-194+,utig4-198+,utig4-1671+,utig4-1200-,utig4-1199+,utig4-1203+
dam_compressed.k31.hapmer-0000023	NC_037336.1_chr_9	119387942.0	105454467.0			1.0		dam_compressed.k31.hapmer_from_utig4-2111	utig4-1788+,utig4-1008-,utig4-1005-,utig4-1006+,utig4-1071-,utig4-1073+,utig4-1994-,utig4-1996+,utig4-2074-,utig4-1837-,utig4-1835+,utig4-1838+,utig4-2308-,utig4-2073-,utig4-2069-,utig4-2071+,utig4-2493-,utig4-1925-,utig4-1924+,utig4-1886-,utig4-1884+,utig4-1232-,utig4-1231+,utig4-1235+,utig4-1751-,utig4-947-,utig4-943-,utig4-945+,utig4-988+,utig4-691-,utig4-690+,utig4-693+,utig4-1699+,utig4-1701+,utig4-2486-,utig4-2058-,utig4-2056+,utig4-1064-,utig4-1061-,utig4-1062+,utig4-2110-,utig4-2111+,utig4-2433-
dam_compressed.k31.hapmer-0000016	NC_037337.1_chr_10	115205041.0	103308737.0	1.0	1.0	2.0		dam_compressed.k31.hapmer_from_utig4-1864	utig4-554-,utig4-550-,utig4-552+,utig4-2201+,utig4-714-,utig4-712+,utig4-715+,utig4-1773-,utig4-876-,utig4-874+,utig4-878+,utig4-1777+,utig4-1760-,utig4-1758+,utig4-1761+,utig4-1832+,utig4-1833+,utig4-2216-,utig4-781-,utig4-778-,utig4-780+,utig4-922-,utig4-923+,utig4-1047-,utig4-1049+,utig4-1981+,utig4-1170-,utig4-1168+,utig4-1159-,utig4-1158+,utig4-1161+,utig4-1185+,utig4-1187+,utig4-1991+,utig4-1993+,utig4-2274+,utig4-1892-,utig4-1890+,utig4-1059-,utig4-1056-,utig4-1057+,utig4-2228-,utig4-2230+,utig4-2346+,utig4-1018-,utig4-1015-,utig4-1016+,utig4-1916+,utig4-1085-,utig4-1082-,utig4-1083+,utig4-2498+,utig4-1106-,utig4-1105+,utig4-1109+,utig4-1171-,utig4-1172+,utig4-1862+,utig4-1864+
dam_compressed.k31.hapmer-0000039	NC_037338.1_chr_11	132011079.0	106982474.0			1.0	3.0	dam_compressed.k31.hapmer_from_utig4-710	utig4-759-,utig4-756-,[N98093N:ambig_bubble],utig4-1452-,utig4-625-,utig4-622-,[N45154N:ambig_bubble],utig4-2474-,utig4-2473-,utig4-708-,utig4-707+,[N5000N:ambig_path],utig4-710+,utig4-1657-,utig4-200-,utig4-199+,utig4-202+,utig4-2383+,utig4-1027-,utig4-1025+,utig4-1028+,utig4-1877+,utig4-837-,utig4-835+,utig4-838+,utig4-987+,utig4-967-,utig4-966+,utig4-705-,utig4-700-,utig4-702+,utig4-706+,utig4-940-,utig4-942+,utig4-2251-,utig4-2158-,utig4-2157-,utig4-1564-,utig4-1562+,utig4-1565+,utig4-2476+,utig4-2120-,utig4-2118-,utig4-1225-,utig4-1222-,utig4-1224+,utig4-2406+,utig4-983-,utig4-982+,utig4-985+,utig4-1118+,utig4-910-,utig4-907-,utig4-908+,utig4-2263-,utig4-2264+,utig4-2301+,utig4-2323-,utig4-2321-,utig4-1732-,utig4-1731+,utig4-1735+,utig4-1853+,utig4-1854+,utig4-2174-,utig4-1584-,utig4-1571-
dam_compressed.k31.hapmer-0000024	NC_037339.1_chr_12	102206993.0	87216183.0	1.0	1.0	2.0		dam_compressed.k31.hapmer_from_utig4-2130	utig4-510+,utig4-730+,utig4-2283-,utig4-2285+,utig4-2439+,utig4-1782-,utig4-1778-,utig4-1779+,utig4-2257+,utig4-2077-,utig4-2075+,utig4-2078+,utig4-2295+,utig4-1362-,utig4-1358-,utig4-1359+,utig4-2460+,utig4-432-,utig4-429-,utig4-430+,utig4-435+,utig4-1763+,utig4-1012-,utig4-1010+,utig4-1013+,utig4-2411+,utig4-1980-,utig4-1978-,utig4-297-,utig4-294-,utig4-296+,utig4-2378-,utig4-2256-,utig4-2254-,utig4-1615-,utig4-1612-,utig4-1613+,utig4-2326+,utig4-1095-,utig4-1092-,utig4-1093+,utig4-2098+,utig4-2100+,utig4-2129+,utig4-2130+
dam_compressed.k31.hapmer-0000013	NC_037340.1_chr_13	97932954.0	83472345.0	1.0	1.0	2.0		dam_compressed.k31.hapmer_from_utig4-1771	utig4-802-,utig4-800+,utig4-142-,utig4-138-,utig4-140+,utig4-609-,utig4-611+,utig4-2205+,utig4-1768-,utig4-1767+,utig4-1771+,utig4-2353-,utig4-1052-,utig4-1050+,utig4-1053+,utig4-2066-,utig4-2067+
dam_compressed.k31.hapmer-0000046	NC_037341.1_chr_14	90009672.0	82403003.0			1.0		dam_compressed.k31.hapmer_from_utig4-995	utig4-2145-,utig4-2143+,utig4-2146+,utig4-2399+,utig4-934-,utig4-930-,utig4-931+,utig4-1887+,utig4-1888+,utig4-2170-,utig4-2132-,utig4-2131+,utig4-1950-,utig4-1949+,utig4-1144-,utig4-1143+,utig4-1147+,utig4-1928-,utig4-1737-,utig4-1736-,utig4-997-,utig4-994-,utig4-995+,utig4-2152+,utig4-2153+,utig4-473-,utig4-470-,utig4-471+,utig4-2163+,utig4-1999-,utig4-1997-,utig4-1938-,utig4-1935-,utig4-1936+,utig4-2208-,utig4-920-,utig4-917-,utig4-919+,utig4-963-,utig4-965+
dam_compressed.k31.hapmer-0000001	NC_037342.1_chr_15	95880339.0	85007780.0		1.0	2.0	4.0	dam_compressed.k31.hapmer_from_utig4-1154	utig4-1325-,utig4-1321-,utig4-1323+,utig4-2475+,utig4-1142-,utig4-1140+,utig4-21-,utig4-17-,utig4-19+,utig4-2042+,utig4-2044+,utig4-2238-,utig4-2234-,utig4-2231-,utig4-2233+,utig4-2325+,utig4-2137-,utig4-2135+,utig4-2138+,utig4-2227-,utig4-1895-,utig4-1893+,utig4-1896+,utig4-1987-,utig4-1156-,utig4-1153-,utig4-1154+,[N5000N:ambig_path],utig4-2363+,utig4-2104-,utig4-2101-,utig4-2102+,utig4-2444+,[N24833N:ambig_bubble],utig4-2316+,utig4-2320+,utig4-2365+,utig4-2359-,utig4-2358+,[N306434N:ambig_bubble],utig4-2480-,utig4-2482+,utig4-2487+,[N310403N:ambig_bubble],utig4-2463+,utig4-2466+
dam_compressed.k31.hapmer-0000021	NC_037343.1_chr_16	102128042.0	81013979.0	1.0	1.0	2.0		dam_compressed.k31.hapmer_from_utig4-2003	utig4-2003+,utig4-2122+,utig4-1745-,utig4-1744-,utig4-338-,utig4-335-,utig4-336+,utig4-2097+,utig4-1040-,utig4-1039+,utig4-1042+,utig4-1412+,utig4-1075-,utig4-1074+,utig4-390-,utig4-388+,utig4-391+,utig4-2236+,utig4-927-,utig4-925+,utig4-929+
dam_compressed.k31.hapmer-0000018	NC_037344.1_chr_17	88991925.0	73167244.0	1.0	1.0	2.0		dam_compressed.k31.hapmer_from_utig4-1912	utig4-1912+,utig4-2095-,utig4-1873-,utig4-1872+,utig4-1875+,utig4-1878+,utig4-1880+,utig4-2005-,utig4-2006+,utig4-2202-,utig4-2204+,utig4-2331+,utig4-1766-,utig4-1764+,utig4-892-,utig4-889-,utig4-890+,utig4-2165-,utig4-2166+
dam_compressed.k31.hapmer-0000025	NC_037345.1_chr_18	81600595.0	65820629.0	1.0	1.0	2.0		dam_compressed.k31.hapmer_from_utig4-2195	utig4-1914-,utig4-1913-,utig4-331-,utig4-329+,utig4-332+,utig4-1055+,utig4-755-,utig4-751-,utig4-752+,utig4-1188+,utig4-1189+,utig4-1927-,utig4-1749-,utig4-1747-,utig4-1748+,utig4-1230-,utig4-1227-,utig4-1228+,utig4-2194+,utig4-2195+
dam_compressed.k31.hapmer-0000043	NC_037346.1_chr_19	77945041.0	63449741.0			1.0		dam_compressed.k31.hapmer_from_utig4-867	utig4-2282-,utig4-2280+,utig4-1883-,utig4-1881-,utig4-1137-,utig4-1134-,utig4-1135+,utig4-1707+,utig4-1708+,utig4-2446+,utig4-1756-,utig4-1755-,utig4-180-,utig4-178+,utig4-182+,utig4-2451+,utig4-1220-,utig4-1219-,utig4-866-,utig4-864+,utig4-867+
dam_compressed.k31.hapmer-0000012	NC_037347.1_chr_20	72962178.0	71974595.0			1.0	1.0	dam_compressed.k31.hapmer_from_utig4-1729	utig4-855-,[N380096N:ambig_bubble],utig4-1337-,utig4-1338+,utig4-2160-,utig4-2161+,utig4-2309+,utig4-1653-,utig4-1652+,utig4-1656+,utig4-2055-,utig4-2027-,utig4-2026-,utig4-1648-,utig4-1646-,utig4-887-,utig4-884-,utig4-885+,utig4-1728+,utig4-1729+,utig4-1856-,utig4-1858+,utig4-2151-,utig4-1794-,utig4-1793+,utig4-1796+
dam_compressed.k31.hapmer-0000020	NC_037348.1_chr_21	80783186.0	69862954.0	1.0	1.0	2.0		dam_compressed.k31.hapmer_from_utig4-1971	utig4-2017+,utig4-2106+,utig4-2010-,utig4-2008+,utig4-842-,utig4-840+,utig4-844+,utig4-1774+,utig4-1775+,utig4-2330-,utig4-1911-,utig4-1909+,utig4-1198-,utig4-1194-,utig4-1195+,utig4-2021-,utig4-1973-,utig4-1970-,utig4-1971+
dam_compressed.k31.hapmer-0000015	NC_037349.1_chr_22	82261671.0	60773035.0	1.0	1.0	2.0		dam_compressed.k31.hapmer_from_utig4-1830	utig4-2050-,utig4-2048-,utig4-1990-,utig4-1988+,utig4-1866-,utig4-1865+,utig4-1817-,utig4-1815+,utig4-1818+,utig4-2037+,utig4-1828-,utig4-1827+,utig4-1830+
dam_compressed.k31.hapmer-0000035	NC_037350.1_chr_23	63631225.0	52498615.0	1.0	1.0	2.0		dam_compressed.k31.hapmer_from_utig4-491	utig4-1676-,utig4-1672-,utig4-1673+,utig4-2124-,utig4-2125+,utig4-2220-,utig4-861-,utig4-859+,utig4-863+,utig4-1917+,utig4-990-,utig4-989+,utig4-992+,utig4-2206-,utig4-493-,utig4-490-,utig4-491+
dam_compressed.k31.hapmer-0000026	NC_037351.1_chr_24	67981033.0	62317253.0			1.0		dam_compressed.k31.hapmer_from_utig4-2210	utig4-1606-,utig4-1607+,utig4-2212-,utig4-2213+,utig4-847-,utig4-845+,utig4-848+,utig4-2004-,utig4-1103-,utig4-1100-,utig4-1102+,utig4-1900-,utig4-1898+,utig4-1902+,utig4-1975-,utig4-1813-,utig4-1809-,utig4-1810+,utig4-2011+,utig4-356-,utig4-353-,utig4-355+,utig4-2209+,utig4-2210+
dam_compressed.k31.hapmer-0000011	NC_037352.1_chr_25	52389595.0	42350435.0			1.0	1.0	dam_compressed.k31.hapmer_from_utig4-1697	utig4-1248+,utig4-476-,[N1000N:ambig_bubble],utig4-477+,utig4-1692-,utig4-1691-,utig4-1132-,utig4-1129-,utig4-1131+,utig4-2063+,utig4-2065+,utig4-2142+,utig4-1695-,utig4-1694+,utig4-1697+,utig4-2371-,utig4-2370+,utig4-1723-,utig4-1721+,utig4-1725+,utig4-2032+,utig4-505-,utig4-504+,utig4-507+,utig4-1538-,utig4-1540+,utig4-1820+,utig4-73-,utig4-71+,utig4-75+,utig4-2448+,utig4-2226-,utig4-2222-,utig4-2223+
dam_compressed.k31.hapmer-0000031	NC_037353.1_chr_26	65660923.0	51992305.0			1.0		dam_compressed.k31.hapmer_from_utig4-2377	utig4-606-,utig4-604+,utig4-290-,utig4-288+,utig4-291+,utig4-2217-,utig4-2218+,utig4-2375+,utig4-2377+
dam_compressed.k31.hapmer-0000036	NC_037354.1_chr_27	49252125.0	45612108.0			1.0		dam_compressed.k31.hapmer_from_utig4-549	utig4-1667-,utig4-1665-,utig4-1149-,utig4-1148+,utig4-119-,utig4-59-,utig4-55-,utig4-57+,utig4-563-,utig4-564+,utig4-2221+,utig4-1686-,utig4-1685+,utig4-547-,utig4-545+,utig4-549+,utig4-555+,utig4-1501-,utig4-799-
dam_compressed.k31.hapmer-0000022	NC_037355.1_chr_28	59536585.0	45940150.0	1.0	1.0	2.0		dam_compressed.k31.hapmer_from_utig4-2060	utig4-1787-,utig4-1789+,utig4-2059-,utig4-2060+
dam_compressed.k31.hapmer-0000002	NC_037356.1_chr_29	58907845.0	51098607.0		1.0	2.0	1.0	dam_compressed.k31.hapmer_from_utig4-1164	utig4-0+,[N49796N:tangle],utig4-1846-,utig4-1843-,utig4-1844+,utig4-2088-,utig4-2030-,utig4-2029-,utig4-1167-,utig4-1163-,utig4-1164+
dam_compressed.k31.hapmer-0000030	NC_037357.1_chr_X	40722517.0	139009144.0			1.0		dam_compressed.k31.hapmer_from_utig4-234	utig4-234+
dam_compressed.k31.hapmer-0000045	NC_037357.1_chr_X	124389275.0	139009144.0			1.0	3.0	dam_compressed.k31.hapmer_from_utig4-936	utig4-939-,utig4-935-,utig4-936+,utig4-2266-,[N1000N:ambig_bubble],utig4-2519+,[N57456N:ambig_bubble],utig4-595-,[N1000N:ambig_bubble],utig4-2239+
dam_compressed.k31.hapmer-0000004						1.0		dam_compressed.k31.hapmer_from_utig4-1306	utig4-1306+
dam_compressed.k31.hapmer-0000010						1.0		dam_compressed.k31.hapmer_from_utig4-1554	utig4-1554+
dam_compressed.k31.hapmer-0000014						1.0		dam_compressed.k31.hapmer_from_utig4-1814	utig4-1814+
dam_compressed.k31.hapmer-0000032						1.0		dam_compressed.k31.hapmer_from_utig4-2419	utig4-2418+,utig4-2419+
dam_compressed.k31.hapmer-0000040						1.0		dam_compressed.k31.hapmer_from_utig4-797	utig4-795-,utig4-797+
dam_compressed.k31.hapmer-0000041						1.0		dam_compressed.k31.hapmer_from_utig4-811	utig4-811+
dam_compressed.k31.hapmer-0000216						1.0		dam_compressed.k31.hapmer_unused_utig4-2094	utig4-2094+
sire_compressed.k31.hapmer-0000658						1.0		sire_compressed.k31.hapmer_from_utig4-1304	utig4-1304+
sire_compressed.k31.hapmer-0000661						1.0	1.0	sire_compressed.k31.hapmer_from_utig4-1453	utig4-1453+,utig4-2047-,utig4-1645+,[N5000N:ambig_path],utig4-2412+,utig4-2413+
sire_compressed.k31.hapmer-0000662						1.0	1.0	sire_compressed.k31.hapmer_from_utig4-1506	utig4-607+,[N572937N:tangle],utig4-1506+,utig4-1976-
sire_compressed.k31.hapmer-0000674						1.0		sire_compressed.k31.hapmer_from_utig4-1960	utig4-1960+
sire_compressed.k31.hapmer-0000683						1.0	1.0	sire_compressed.k31.hapmer_from_utig4-2392	utig4-2392+,[N855736N:tangle],utig4-818+
sire_compressed.k31.hapmer-0000692						1.0		sire_compressed.k31.hapmer_from_utig4-901	utig4-897-,utig4-898+,utig4-901+
sire_compressed.k31.hapmer-0000851						1.0		sire_compressed.k31.hapmer_unused_utig4-2169	utig4-2169+
sire_compressed.k31.hapmer-0000999						1.0		sire_compressed.k31.hapmer_unused_utig4-516	utig4-516+
unassigned-0000506						1.0		na_unused_utig4-1609	utig4-1609+
unassigned-0000507						1.0		na_unused_utig4-1610	utig4-1610+
dam_compressed.k31.hapmer-0000029							1.0	dam_compressed.k31.hapmer_from_utig4-2328	utig4-2402-,[N504521N:tangle],utig4-2328+,utig4-2443-
